"Hh_ID";"gruppe";"att1";"att2";"att3";"att4";"att5";"att6";"att7";"att8";"att9";"att10";"beobachten";"vergleichen";"austauschen";"was_andere_tun";"messen1";"messen2";"gesl";"alter";"miete";"einkommen";"X03d_longhair";"X05a_goal_yn";"X06a_readable";"X08b_hhcomp_income";"X12b_underst_vol";"X12c_underst_ener";"sem01_verstaendlich";"sem04_wirksam";"sem05_unnuetz";"sem11_nervig"
2445;6;"Stimme zu";"Indifferent";"Stimme eher zu";"Indifferent";"Indifferent";"Stimme eher nicht zu";"Indifferent";"Stimme eher nicht zu";"Indifferent";"Indifferent";"Eher oft";"Eher selten";"Eher oft";"Eher oft";"Eher selten";"Eher oft";"weiblich";"50-64";"Mietwohnung";"5000 - 5999 Fr.";0;"Ja";4;20;"4";"3";-2;-2;2;0
2484;6;"Stimme eher zu";"Stimme zu";"Stimme zu";"Stimme zu";"Stimme eher zu";"Stimme zu";"Stimme eher zu";"Stimme nicht zu";"Indifferent";"Stimme eher zu";"Eher oft";"Nie";"Oft";NA;"Selten";"Eher selten";"männlich";"50-64";"Eigentumswohnung";"9000 - 9999 Fr.";1;"Ja";5;50;"5";"-1";-1;-2;3;2
2516;4;"Indifferent";"Stimme eher zu";"Stimme eher zu";"Indifferent";"Stimme eher zu";"Indifferent";"Stimme eher zu";"Indifferent";"Stimme eher zu";"Indifferent";"Oft";"Nie";"Oft";"Eher oft";"Selten";"Oft";"männlich";"50-64";"Mietwohnung";"Keine Angabe";0;"Ja";5;20;"5";"5";-2;-3;2;0
2593;4;"Stimme eher nicht zu";"Stimme zu";"Stimme zu";"Stimme zu";"Stimme zu";"Indifferent";"Stimme eher zu";"Stimme nicht zu";"Stimme zu";"Stimme zu";"Eher selten";"Eher selten";"Eher oft";"Selten";"Eher selten";"Eher oft";"männlich";"65+";"Eigentumswohnung";"Keine Angabe";0;"Nein";2;10;"5";"-1";0;0;0;0
2640;2;"Indifferent";"Stimme zu";"Stimme zu";"Stimme eher zu";"Stimme eher zu";"Stimme zu";"Stimme zu";"Stimme eher zu";"Indifferent";"Indifferent";"Eher selten";"Selten";"Eher oft";"Eher selten";"Selten";"Eher oft";"männlich";"65+";"Mietwohnung";"7000 - 7999 Fr.";0;NA;5;20;NA;NA;-3;-3;3;1
2643;2;"Stimme zu";"Indifferent";"Indifferent";"Stimme zu";"Stimme eher zu";"Stimme zu";"Stimme eher zu";"Stimme nicht zu";"Stimme zu";"Stimme nicht zu";"Oft";"Eher selten";"Oft";"Oft";"Eher selten";"Eher oft";"männlich";"65+";"Mietwohnung";"6000 - 6999 Fr.";0;NA;5;80;NA;NA;-3;-3;3;3
2651;2;"Indifferent";"Stimme zu";"Stimme zu";"Stimme zu";"Indifferent";"Stimme zu";"Stimme eher nicht zu";"Stimme eher nicht zu";"Stimme zu";"Stimme eher zu";"Oft";"Selten";"Oft";"Oft";"Selten";"Eher oft";"weiblich";"65+";"Mietwohnung";"Mehr als 15000 Fr.";0;NA;5;90;NA;NA;-3;-1;3;2
2657;2;"Indifferent";"Stimme zu";"Stimme zu";"Stimme zu";"Stimme eher nicht zu";"Stimme eher zu";"Stimme zu";"Stimme nicht zu";"Stimme zu";"Indifferent";"Nie";"Nie";"Eher oft";"Selten";"Nie";"Eher oft";"männlich";"50-64";"Mietwohnung";"< 3000 Fr.";0;NA;4;10;NA;NA;-3;3;2;2
2693;6;"Indifferent";"Stimme zu";"Stimme zu";"Stimme zu";"Stimme eher zu";"Stimme eher zu";"Stimme eher zu";"Stimme nicht zu";"Stimme zu";"Stimme eher zu";"Selten";"Nie";"Eher selten";"Selten";"Selten";"Eher oft";"männlich";"65+";"Eigentumswohnung";"9000 - 9999 Fr.";0;"Ja";5;25;"5";"4";-2;-2;2;1
2780;5;"Indifferent";"Stimme eher zu";"Stimme eher zu";"Stimme eher nicht zu";"Stimme eher nicht zu";"Stimme eher zu";"Indifferent";"Stimme nicht zu";"Stimme eher zu";"Stimme eher nicht zu";"Eher oft";"Eher selten";"Eher oft";"Eher selten";"Selten";"Eher oft";"weiblich";"40-49";"Mietwohnung";"8000 - 8999 Fr.";0;"Ja";5;10;"5";"5";-3;-2;2;0
2807;3;"Stimme nicht zu";"Stimme zu";"Stimme zu";"Stimme zu";"Stimme eher zu";"Stimme zu";"Stimme zu";"Stimme nicht zu";"Stimme nicht zu";"Stimme eher nicht zu";"Eher oft";"Selten";"Oft";"Eher selten";"Eher selten";"Eher oft";"weiblich";"50-64";"Mietwohnung";"5000 - 5999 Fr.";1;"Ja";3;50;"5";"5";-2;-3;3;0
2808;6;"Stimme eher zu";"Stimme zu";"Stimme zu";"Stimme zu";"Stimme eher nicht zu";"Stimme zu";"Stimme zu";"Stimme nicht zu";"Stimme zu";"Stimme eher zu";"Eher oft";"Eher oft";"Eher oft";"Eher oft";"Eher oft";"Eher selten";"männlich";"40-49";"Mietwohnung";"Mehr als 15000 Fr.";0;"Nein";5;5;"5";"2";-3;1;1;0
2850;3;"Stimme eher nicht zu";"Stimme zu";"Stimme eher zu";"Stimme zu";"Stimme eher zu";"Stimme zu";"Stimme eher zu";"Stimme nicht zu";"Stimme eher zu";"Stimme eher zu";"Eher oft";"Nie";"Oft";"Nie";"Nie";"Oft";"männlich";"50-64";"Mietwohnung";"8000 - 8999 Fr.";0;"Ja";5;80;"5";"4";-3;-3;3;3
2892;2;"Stimme eher zu";"Stimme eher zu";"Stimme eher zu";"Stimme eher zu";"Stimme eher nicht zu";"Stimme eher nicht zu";"Indifferent";"Stimme eher nicht zu";"Stimme zu";"Stimme eher zu";"Eher selten";"Selten";"Eher oft";"Eher selten";"Selten";"Eher oft";"männlich";"50-64";"Mietwohnung";"9000 - 9999 Fr.";0;NA;2;50;NA;NA;-3;2;0;1
2930;2;"Stimme eher zu";"Stimme eher zu";"Stimme eher zu";"Stimme eher zu";"Stimme eher zu";"Stimme eher zu";"Stimme zu";"Stimme eher nicht zu";"Stimme eher zu";"Indifferent";"Eher oft";"Selten";"Eher oft";"Eher selten";"Selten";"Eher oft";"männlich";"40-49";"Eigentumswohnung";"10000 - 11999 Fr.";0;NA;4;10;NA;NA;-3;0;0;0
2937;5;"Stimme eher zu";"Stimme eher zu";"Stimme eher zu";"Stimme eher zu";"Stimme eher zu";"Stimme eher zu";"Indifferent";"Stimme eher nicht zu";"Stimme zu";"Indifferent";"Selten";"Selten";"Eher oft";"Eher selten";"Eher selten";"Eher oft";"männlich";"50-64";"Mietwohnung";"< 3000 Fr.";1;"Nein";3;70;"4";"3";-2;1;2;-2
2955;5;"Stimme nicht zu";"Stimme zu";"Stimme zu";"Stimme eher zu";"Stimme zu";"Stimme nicht zu";"Stimme eher nicht zu";"Stimme nicht zu";"Stimme zu";"Stimme zu";"Oft";"Eher selten";"Eher oft";"Eher selten";"Eher oft";"Oft";"männlich";"50-64";"Mietwohnung";"7000 - 7999 Fr.";0;"Nein";5;20;"4";"3";-2;2;-1;0
2958;5;"Stimme eher nicht zu";"Stimme eher nicht zu";"Stimme zu";"Indifferent";"Stimme eher zu";"Stimme eher nicht zu";"Stimme eher nicht zu";"Stimme nicht zu";"Stimme zu";"Indifferent";"Eher oft";"Selten";"Eher oft";"Selten";"Selten";"Eher oft";"weiblich";"40-49";"Mietwohnung";"3000 - 3999 Fr.";0;"Ja";5;50;"5";"5";-2;-2;2;0
3049;6;"Stimme eher nicht zu";"Indifferent";"Stimme eher zu";"Stimme eher zu";"Indifferent";"Stimme zu";"Stimme eher zu";"Stimme eher nicht zu";"Stimme eher zu";"Stimme eher zu";"Eher oft";"Eher oft";"Eher oft";"Eher oft";"Eher oft";"Eher oft";"männlich";"30-39";"Mietwohnung";"8000 - 8999 Fr.";1;"Nein";5;5;"5";"-1";2;-1;1;1
3098;1;"Stimme eher nicht zu";"Stimme eher zu";"Stimme zu";"Stimme eher zu";"Stimme zu";"Stimme zu";"Stimme eher zu";"Indifferent";"Indifferent";"Stimme eher zu";"Eher oft";"Selten";"Oft";"Eher oft";"Eher selten";"Eher selten";"weiblich";"40-49";"Mietwohnung";"3000 - 3999 Fr.";0;NA;5;80;NA;NA;-3;-1;1;0
3142;5;"Stimme nicht zu";"Stimme eher nicht zu";"Stimme zu";"Stimme eher zu";"Stimme eher zu";"Indifferent";"Stimme eher zu";"Stimme nicht zu";"Stimme eher nicht zu";"Stimme eher zu";"Oft";"Eher selten";"Oft";"Eher selten";"Selten";"Eher selten";"weiblich";"40-49";"Mietwohnung";"7000 - 7999 Fr.";1;"Ja";5;5;"5";"3";-3;-3;3;2
3170;3;"Stimme eher nicht zu";"Stimme zu";"Stimme zu";"Stimme eher zu";"Indifferent";"Stimme eher zu";"Stimme zu";"Stimme nicht zu";"Stimme zu";"Stimme eher zu";"Eher oft";"Selten";"Oft";"Oft";"Nie";"Eher selten";"männlich";"50-64";"Mietwohnung";"3000 - 3999 Fr.";0;"Nein";1;85;"-1";"-1";-3;-1;1;1
3204;1;"Stimme eher nicht zu";"Stimme zu";"Stimme zu";"Stimme zu";"Stimme eher zu";"Stimme eher nicht zu";"Indifferent";"Stimme nicht zu";"Stimme eher nicht zu";"Indifferent";"Eher oft";"Selten";"Oft";"Eher oft";"Selten";"Eher oft";"männlich";"40-49";"Mietwohnung";"6000 - 6999 Fr.";0;NA;4;90;NA;NA;-3;-3;3;2
3211;3;"Indifferent";"Stimme zu";"Stimme zu";"Stimme zu";"Stimme eher zu";"Indifferent";"Indifferent";"Stimme eher nicht zu";"Stimme eher zu";"Stimme eher zu";"Eher selten";"Eher selten";"Eher selten";"Eher oft";"Selten";"Eher oft";"weiblich";"40-49";"Mietwohnung";"7000 - 7999 Fr.";0;"Ja";5;50;"5";"3";-2;-2;3;2
3285;4;"Stimme nicht zu";"Stimme zu";"Stimme nicht zu";"Stimme zu";"Stimme eher zu";"Stimme eher zu";NA;"Stimme nicht zu";"Stimme nicht zu";"Stimme eher zu";"Oft";"Eher oft";"Oft";"Eher oft";"Eher oft";"Oft";"männlich";"50-64";"Mietwohnung";"5000 - 5999 Fr.";0;"Ja";2;50;"5";"5";-3;-3;3;-3
3387;4;"Indifferent";"Stimme zu";"Stimme eher zu";"Stimme zu";"Stimme eher zu";"Indifferent";"Stimme eher nicht zu";"Stimme nicht zu";"Stimme eher zu";"Stimme eher zu";"Oft";"Oft";"Oft";"Oft";"Oft";"Oft";"männlich";"30-39";"Mietwohnung";"Mehr als 15000 Fr.";0;"Ja";5;20;"5";"5";-3;-1;1;2
3442;2;"Stimme eher nicht zu";"Stimme zu";"Stimme zu";"Stimme zu";"Stimme zu";"Stimme eher nicht zu";"Stimme eher zu";"Stimme nicht zu";"Stimme zu";"Stimme eher zu";"Nie";"Nie";"Oft";"Eher oft";"Eher oft";"Oft";"männlich";"30-39";"Mietwohnung";"Mehr als 15000 Fr.";0;NA;4;20;NA;NA;-2;-2;3;0
3540;4;"Indifferent";"Stimme eher zu";"Stimme zu";"Stimme zu";"Stimme eher zu";"Stimme eher nicht zu";"Stimme eher zu";"Stimme nicht zu";"Stimme zu";"Indifferent";"Selten";"Eher oft";"Eher oft";"Eher oft";"Nie";"Eher selten";"männlich";"65+";"Eigentumswohnung";"9000 - 9999 Fr.";1;"Nein";5;80;"5";"5";-2;-2;2;2
3571;1;"Stimme eher nicht zu";"Stimme zu";"Stimme eher zu";"Indifferent";"Stimme eher nicht zu";"Indifferent";"Indifferent";"Stimme eher nicht zu";"Stimme zu";"Indifferent";"Selten";"Eher selten";"Eher oft";"Selten";"Selten";"Eher selten";"männlich";"30-39";"Mietwohnung";"4000 - 4999 Fr.";0;NA;5;50;NA;NA;-3;-1;2;0
3598;2;"Indifferent";"Stimme zu";"Stimme zu";"Stimme zu";"Indifferent";"Stimme zu";"Stimme zu";"Stimme nicht zu";"Stimme zu";"Stimme eher zu";"Eher oft";"Selten";"Oft";"Eher selten";"Selten";"Eher oft";"männlich";"30-39";"Mietwohnung";"12000 - 14999 Fr.";1;NA;4;0;NA;NA;-2;-1;1;2
3606;6;"Stimme eher zu";"Stimme eher nicht zu";"Stimme eher zu";"Stimme eher zu";"Indifferent";"Stimme eher zu";NA;"Stimme eher nicht zu";"Stimme eher zu";"Stimme zu";"Eher selten";"Eher oft";"Eher oft";"Eher oft";"Eher oft";"Selten";"männlich";"40-49";"Mietwohnung";"10000 - 11999 Fr.";0;"Nein";4;40;"4";"-1";-2;-1;2;1
3650;2;"Indifferent";"Stimme zu";"Stimme eher zu";"Stimme eher zu";"Stimme zu";"Stimme eher zu";"Stimme eher zu";"Stimme nicht zu";"Stimme zu";"Stimme eher zu";"Oft";"Eher oft";"Eher selten";"Oft";"Eher selten";"Eher oft";"weiblich";"50-64";"Mietwohnung";"Mehr als 15000 Fr.";1;NA;4;10;NA;NA;-2;0;0;0
3712;4;"Stimme eher nicht zu";"Stimme zu";"Stimme zu";"Stimme zu";"Stimme eher zu";"Stimme zu";"Stimme zu";"Stimme eher nicht zu";"Stimme zu";"Stimme zu";"Selten";"Nie";"Eher oft";"Selten";"Nie";"Oft";"männlich";"40-49";"Mietwohnung";"Keine Angabe";0;"Ja";4;50;"5";"5";-3;-3;3;1
3720;1;"Indifferent";"Stimme zu";"Stimme zu";"Stimme zu";"Indifferent";"Stimme zu";"Stimme eher zu";"Stimme nicht zu";"Stimme zu";"Stimme eher zu";"Selten";"Eher oft";"Oft";"Oft";"Eher selten";"Eher oft";"weiblich";"30-39";"Mietwohnung";"6000 - 6999 Fr.";1;NA;5;50;NA;NA;-3;-3;3;2
3809;3;"Stimme eher zu";"Stimme eher zu";"Stimme zu";"Indifferent";"Indifferent";"Stimme eher zu";"Stimme eher zu";"Stimme eher nicht zu";"Stimme zu";"Stimme eher zu";"Eher oft";"Selten";"Eher oft";"Eher oft";"Selten";"Selten";"männlich";"30-39";"Mietwohnung";"6000 - 6999 Fr.";0;"Ja";5;60;"5";"3";-1;-1;0;0
3813;4;"Stimme eher zu";"Stimme zu";"Indifferent";"Stimme eher nicht zu";"Stimme eher zu";"Stimme eher nicht zu";"Stimme eher zu";"Stimme nicht zu";"Stimme zu";"Stimme eher zu";"Eher selten";"Eher selten";"Oft";"Eher oft";"Selten";"Oft";"männlich";"40-49";"Mietwohnung";"Mehr als 15000 Fr.";0;"Ja";1;20;"5";"2";1;-2;2;1
3854;3;"Indifferent";"Indifferent";"Stimme eher zu";"Stimme eher zu";"Stimme eher nicht zu";"Stimme eher zu";"Stimme eher zu";"Stimme eher nicht zu";"Stimme eher zu";"Indifferent";"Eher selten";"Selten";"Eher selten";"Eher oft";"Eher selten";"Eher oft";"weiblich";"20-29";"Mietwohnung";"5000 - 5999 Fr.";1;"Ja";4;35;"5";"4";-2;-1;2;1
3960;4;"Indifferent";"Stimme zu";"Stimme zu";"Indifferent";"Stimme eher zu";"Stimme eher zu";"Indifferent";"Stimme nicht zu";"Stimme zu";"Stimme eher zu";"Eher oft";"Eher selten";"Eher oft";"Eher selten";"Selten";"Eher oft";"weiblich";"30-39";"Mietwohnung";"8000 - 8999 Fr.";0;"Nein";5;30;"5";"5";-3;-2;3;2
3968;3;"Stimme eher nicht zu";"Stimme eher zu";"Stimme eher zu";"Stimme zu";"Stimme eher zu";"Stimme zu";"Stimme eher zu";"Stimme zu";"Stimme eher zu";"Stimme eher zu";"Oft";"Selten";"Eher selten";"Selten";"Eher selten";"Oft";"weiblich";"30-39";"Mietwohnung";"3000 - 3999 Fr.";1;"Ja";4;80;"5";"3";-1;-1;1;1
4009;2;"Stimme nicht zu";"Stimme nicht zu";"Stimme nicht zu";"Stimme nicht zu";"Indifferent";"Stimme zu";"Stimme zu";"Stimme nicht zu";"Stimme zu";"Stimme zu";"Nie";"Selten";"Eher oft";"Eher oft";"Nie";"Eher oft";"männlich";"30-39";"Mietwohnung";"8000 - 8999 Fr.";1;NA;5;40;NA;NA;-3;-2;3;0
4138;3;"Stimme eher nicht zu";"Stimme zu";"Stimme eher zu";"Stimme eher zu";"Stimme eher zu";"Stimme eher zu";"Stimme eher zu";"Stimme eher nicht zu";"Stimme eher zu";"Stimme eher zu";"Eher oft";"Oft";"Eher oft";"Eher oft";"Eher oft";"Eher selten";"männlich";"20-29";"Mietwohnung";"7000 - 7999 Fr.";0;"Nein";5;40;"4";"4";-2;-1;2;2
4142;3;"Indifferent";"Stimme zu";"Indifferent";"Stimme eher zu";"Indifferent";"Stimme eher nicht zu";"Stimme eher nicht zu";"Stimme nicht zu";"Stimme eher zu";"Indifferent";"Selten";"Eher oft";"Eher selten";"Eher oft";"Eher oft";"Oft";"männlich";"50-64";"Mietwohnung";"Mehr als 15000 Fr.";0;"Nein";5;40;"5";"5";1;-2;2;1
4155;4;"Stimme eher nicht zu";"Stimme zu";"Stimme zu";"Stimme zu";"Indifferent";"Stimme eher zu";NA;"Stimme nicht zu";"Stimme zu";"Stimme zu";"Oft";"Eher selten";"Oft";"Eher oft";"Eher selten";"Oft";"weiblich";"30-39";"Mietwohnung";"5000 - 5999 Fr.";1;"Nein";5;50;"5";"4";-2;-3;3;3
4169;2;"Stimme eher zu";"Stimme zu";"Indifferent";"Stimme zu";"Indifferent";"Stimme zu";"Stimme zu";"Stimme nicht zu";"Stimme zu";"Stimme eher zu";"Eher selten";"Eher selten";"Oft";"Eher oft";"Eher selten";"Oft";"männlich";"50-64";"Mietwohnung";"10000 - 11999 Fr.";0;NA;2;10;NA;NA;-3;0;-2;0
4234;5;"Stimme eher zu";"Indifferent";"Indifferent";"Stimme nicht zu";"Indifferent";"Stimme eher nicht zu";"Stimme eher nicht zu";"Stimme eher nicht zu";"Stimme zu";NA;"Eher selten";"Selten";"Eher oft";"Selten";"Eher selten";"Eher oft";"männlich";"50-64";"Eigentumswohnung";"12000 - 14999 Fr.";0;"Nein";5;10;"5";"5";-2;0;2;0
4242;4;"Stimme eher nicht zu";"Stimme nicht zu";"Stimme zu";"Stimme eher zu";"Stimme eher zu";"Indifferent";"Stimme eher zu";"Stimme eher nicht zu";"Stimme eher zu";"Stimme eher zu";"Eher oft";"Selten";"Eher oft";"Eher selten";"Selten";"Eher oft";"weiblich";"40-49";"Mietwohnung";"10000 - 11999 Fr.";0;"Nein";5;35;"5";"5";-2;-2;3;0
4261;3;"Indifferent";"Stimme eher zu";"Stimme eher zu";"Stimme zu";"Indifferent";"Stimme eher zu";"Stimme eher zu";"Stimme eher zu";"Stimme eher zu";"Indifferent";"Eher oft";"Eher oft";"Eher oft";"Oft";"Eher oft";"Selten";"männlich";"30-39";"Mietwohnung";"9000 - 9999 Fr.";0;"Ja";3;30;"5";"1";0;-1;1;0
4264;4;"Stimme eher nicht zu";"Stimme zu";"Stimme zu";"Stimme zu";"Indifferent";"Stimme eher zu";"Stimme eher zu";"Stimme nicht zu";"Stimme zu";"Stimme eher zu";"Eher selten";"Eher selten";"Oft";"Eher oft";"Eher selten";"Oft";"männlich";"30-39";"Mietwohnung";"12000 - 14999 Fr.";0;"Ja";4;50;"4";"1";0;-2;2;1
4305;1;"Stimme eher nicht zu";"Stimme zu";"Stimme zu";"Stimme zu";"Indifferent";"Stimme eher zu";"Indifferent";"Stimme nicht zu";"Stimme eher zu";"Stimme eher zu";"Oft";"Eher selten";"Eher oft";"Eher selten";"Eher oft";"Oft";"männlich";"50-64";"Mietwohnung";"9000 - 9999 Fr.";0;NA;5;20;NA;NA;-3;0;0;1
4335;4;"Stimme eher nicht zu";"Stimme eher zu";"Stimme eher zu";"Stimme eher zu";"Stimme eher zu";"Stimme zu";"Stimme zu";"Stimme nicht zu";"Stimme zu";"Stimme zu";"Oft";"Eher selten";"Eher oft";"Eher selten";"Selten";"Eher selten";"weiblich";"30-39";"Mietwohnung";"10000 - 11999 Fr.";1;"Ja";5;20;"5";"2";-2;-2;2;0
4340;3;"Stimme eher nicht zu";"Stimme eher zu";"Stimme eher zu";"Stimme zu";"Stimme eher zu";"Stimme zu";"Indifferent";"Stimme eher zu";"Stimme eher zu";"Stimme eher nicht zu";"Oft";"Eher oft";"Oft";"Oft";"Eher oft";"Oft";"weiblich";"30-39";"Mietwohnung";"5000 - 5999 Fr.";1;"Ja";5;60;"5";"3";-2;-3;3;1
4411;4;"Stimme eher nicht zu";"Stimme eher zu";"Stimme zu";"Indifferent";"Stimme eher zu";"Stimme eher nicht zu";"Indifferent";"Stimme eher zu";"Indifferent";"Stimme eher zu";"Eher selten";"Nie";"Eher oft";"Eher selten";"Eher selten";"Eher oft";"männlich";"20-29";"Mietwohnung";"6000 - 6999 Fr.";1;"Ja";5;75;"5";"4";-3;-2;2;0
4491;6;"Stimme eher nicht zu";"Stimme eher zu";"Stimme eher zu";"Stimme eher zu";"Stimme eher zu";"Stimme eher zu";"Stimme eher zu";"Stimme nicht zu";"Stimme eher zu";"Stimme eher zu";"Eher selten";"Selten";"Eher selten";"Selten";"Eher oft";"Eher oft";"männlich";"40-49";"Mietwohnung";"12000 - 14999 Fr.";1;"Ja";4;40;"5";"5";-2;-3;3;2
4530;1;"Indifferent";"Stimme eher zu";"Stimme eher zu";"Stimme eher zu";"Indifferent";"Indifferent";"Indifferent";"Stimme eher nicht zu";"Stimme eher zu";"Indifferent";"Eher selten";"Eher oft";"Eher selten";"Eher selten";"Eher oft";"Eher oft";"männlich";"30-39";"Mietwohnung";"5000 - 5999 Fr.";0;NA;5;25;NA;NA;-1;0;1;1
4538;2;"Indifferent";"Stimme zu";"Stimme eher zu";"Stimme zu";"Indifferent";"Stimme zu";"Stimme eher zu";"Stimme nicht zu";"Stimme zu";"Stimme eher zu";"Eher oft";"Eher oft";"Oft";"Oft";"Eher oft";"Eher oft";"männlich";"30-39";"Mietwohnung";"7000 - 7999 Fr.";1;NA;5;30;NA;NA;-3;-2;2;1
4543;3;"Stimme eher zu";"Stimme eher zu";"Stimme eher zu";"Stimme zu";"Stimme eher zu";"Stimme zu";"Stimme eher zu";"Stimme nicht zu";"Stimme zu";"Indifferent";"Oft";"Oft";"Oft";"Oft";"Oft";"Oft";"weiblich";"30-39";"Mietwohnung";"7000 - 7999 Fr.";1;"Nein";4;70;"5";"2";-2;-1;3;1
4555;2;"Stimme eher nicht zu";"Stimme eher zu";"Stimme zu";"Stimme eher zu";"Indifferent";"Stimme zu";"Stimme eher zu";"Stimme nicht zu";"Stimme zu";"Stimme eher zu";"Eher oft";"Eher selten";"Oft";"Eher oft";"Eher oft";"Eher oft";"männlich";"20-29";"Mietwohnung";"7000 - 7999 Fr.";1;NA;5;30;NA;NA;-1;0;-1;0
4576;3;"Stimme eher nicht zu";"Stimme eher zu";"Stimme zu";"Stimme eher zu";"Indifferent";"Stimme eher zu";"Indifferent";"Stimme eher zu";"Indifferent";"Indifferent";"Eher oft";"Selten";"Oft";"Selten";"Selten";"Eher oft";"männlich";"20-29";"Mietwohnung";"Keine Angabe";0;"Nein";5;50;"5";"3";-2;-2;2;1
4600;1;"Indifferent";"Stimme zu";"Stimme zu";"Stimme eher zu";"Stimme eher nicht zu";"Stimme zu";"Stimme zu";"Stimme nicht zu";"Stimme eher zu";"Stimme eher nicht zu";"Eher selten";"Eher selten";"Oft";"Eher oft";"Eher selten";"Oft";"weiblich";"40-49";"Mietwohnung";"4000 - 4999 Fr.";0;NA;4;60;NA;NA;-2;0;1;0
4606;5;"Stimme eher zu";"Stimme zu";"Indifferent";"Stimme zu";"Stimme eher zu";"Stimme eher zu";"Stimme zu";"Stimme nicht zu";"Stimme eher zu";"Stimme eher zu";"Eher oft";"Selten";"Eher oft";"Eher selten";"Selten";"Oft";"weiblich";"40-49";"Mietwohnung";"6000 - 6999 Fr.";0;"Ja";5;30;"5";"3";1;-2;-2;1
4621;5;"Indifferent";"Stimme eher zu";"Stimme zu";"Stimme zu";"Stimme eher zu";"Indifferent";"Stimme eher zu";"Stimme nicht zu";"Stimme eher zu";"Stimme eher zu";"Oft";"Eher selten";"Eher oft";"Eher oft";"Selten";"Selten";"weiblich";"50-64";"Mietwohnung";"7000 - 7999 Fr.";1;"Ja";3;30;"5";"3";-2;-3;3;1
4624;5;"Indifferent";"Stimme eher zu";"Stimme zu";"Stimme zu";"Indifferent";"Indifferent";"Indifferent";"Stimme eher nicht zu";"Indifferent";"Indifferent";"Eher selten";"Selten";"Eher selten";"Selten";"Selten";"Eher selten";"männlich";"50-64";"Mietwohnung";"3000 - 3999 Fr.";0;"Ja";5;70;"5";"5";-3;-2;2;1
4625;6;"Stimme nicht zu";"Stimme zu";"Stimme zu";"Stimme zu";"Stimme zu";"Stimme zu";"Stimme zu";"Stimme nicht zu";"Stimme zu";"Stimme zu";"Eher oft";"Nie";"Oft";"Selten";"Selten";"Oft";"weiblich";"50-64";"Mietwohnung";"< 3000 Fr.";2;"Ja";3;60;"5";"3";1;-1;2;1
4630;1;"Stimme nicht zu";"Stimme zu";"Stimme zu";"Stimme zu";"Stimme zu";"Stimme zu";"Stimme eher zu";"Stimme nicht zu";"Stimme zu";"Stimme zu";"Oft";"Eher oft";"Eher oft";"Eher selten";"Eher oft";"Oft";"weiblich";"40-49";"Mietwohnung";"12000 - 14999 Fr.";0;NA;5;10;NA;NA;-3;-2;3;2
4647;4;"Stimme eher zu";"Indifferent";"Indifferent";"Indifferent";"Indifferent";"Stimme eher zu";"Stimme eher zu";"Stimme eher nicht zu";"Indifferent";"Stimme eher zu";"Eher selten";"Eher selten";"Eher selten";"Eher selten";"Eher oft";"Eher oft";"männlich";"20-29";"Mietwohnung";"12000 - 14999 Fr.";1;"Ja";5;50;"5";"3";-2;-2;-1;1
4650;1;"Stimme eher zu";"Stimme eher zu";"Indifferent";"Stimme eher nicht zu";"Stimme nicht zu";"Stimme eher zu";"Stimme zu";"Stimme eher nicht zu";"Stimme eher nicht zu";"Stimme nicht zu";"Oft";"Eher oft";"Oft";"Oft";"Eher oft";"Selten";"männlich";"20-29";"Mietwohnung";"Mehr als 15000 Fr.";0;NA;5;90;NA;NA;-3;0;2;1
4659;5;"Indifferent";"Stimme zu";"Stimme zu";"Stimme zu";"Stimme eher zu";"Indifferent";"Indifferent";"Stimme eher nicht zu";"Stimme eher zu";"Indifferent";"Oft";"Oft";"Oft";"Oft";"Oft";"Oft";"weiblich";"40-49";"Mietwohnung";"5000 - 5999 Fr.";0;"Nein";5;40;"5";"5";-3;-3;3;3
4661;1;"Stimme eher nicht zu";"Stimme zu";"Stimme zu";"Stimme zu";"Stimme zu";"Stimme eher zu";"Stimme zu";"Stimme nicht zu";"Stimme eher zu";"Stimme eher zu";"Selten";"Selten";"Oft";"Selten";"Selten";"Eher selten";"weiblich";"40-49";"Mietwohnung";"4000 - 4999 Fr.";1;NA;5;60;NA;NA;-3;-2;2;2
4663;5;"Indifferent";"Stimme zu";"Stimme zu";"Stimme eher zu";"Indifferent";"Stimme zu";"Stimme zu";"Stimme nicht zu";"Stimme eher zu";"Indifferent";"Selten";"Selten";"Oft";"Selten";"Selten";"Eher oft";"weiblich";"40-49";"Mietwohnung";"8000 - 8999 Fr.";1;"Ja";5;25;"5";"3";-3;-3;3;1
4670;4;"Stimme eher zu";"Stimme eher zu";"Stimme eher zu";"Stimme eher zu";"Indifferent";"Stimme eher zu";"Stimme eher zu";"Stimme eher nicht zu";"Stimme zu";"Stimme zu";"Selten";"Eher oft";"Eher oft";"Eher selten";"Eher oft";"Selten";"männlich";"30-39";"Mietwohnung";"12000 - 14999 Fr.";0;"Ja";4;15;"5";"5";-2;1;-1;1
4683;2;"Stimme eher nicht zu";"Stimme eher zu";"Stimme zu";"Stimme zu";"Stimme eher zu";"Stimme zu";"Stimme eher zu";"Stimme nicht zu";"Stimme zu";"Indifferent";"Eher oft";"Selten";"Oft";"Eher selten";"Eher oft";"Eher oft";"männlich";"40-49";"Mietwohnung";"Keine Angabe";0;NA;3;20;NA;NA;-2;-1;1;1
4687;5;"Stimme eher zu";"Indifferent";"Indifferent";"Stimme eher nicht zu";"Stimme eher nicht zu";"Indifferent";"Stimme nicht zu";"Stimme nicht zu";"Stimme eher nicht zu";"Stimme eher nicht zu";"Eher selten";"Eher selten";"Eher oft";"Eher selten";"Eher selten";"Eher oft";"männlich";"20-29";"Mietwohnung";"Keine Angabe";0;"Ja";5;70;"5";"5";-2;-2;0;0
4694;6;"Stimme eher nicht zu";"Stimme zu";"Stimme zu";"Stimme zu";"Stimme zu";"Stimme zu";"Stimme zu";"Stimme zu";"Stimme zu";"Stimme zu";"Selten";"Selten";"Oft";"Eher selten";"Nie";"Eher selten";"männlich";"40-49";"Mietwohnung";"5000 - 5999 Fr.";0;"Nein";5;95;"5";"5";-3;-3;3;0
4714;5;"Stimme eher nicht zu";"Stimme eher zu";"Stimme eher zu";"Stimme eher zu";"Indifferent";"Stimme eher zu";"Stimme eher zu";"Stimme eher nicht zu";"Stimme zu";"Stimme eher zu";"Eher oft";NA;"Eher oft";"Eher oft";"Oft";"Oft";"männlich";"20-29";"Mietwohnung";"3000 - 3999 Fr.";0;"Ja";5;75;"5";"2";-2;-1;2;1
4717;3;"Stimme eher nicht zu";"Stimme zu";"Stimme zu";"Stimme zu";"Stimme eher zu";"Stimme zu";"Stimme zu";"Stimme nicht zu";"Stimme eher zu";"Stimme zu";"Nie";"Selten";"Eher oft";"Selten";"Nie";"Eher oft";"männlich";"40-49";"Mietwohnung";"< 3000 Fr.";1;"Nein";3;90;"5";"3";-2;-2;2;0
4722;4;"Indifferent";"Stimme zu";"Stimme eher zu";"Stimme zu";"Indifferent";"Stimme nicht zu";"Stimme eher zu";"Stimme nicht zu";"Indifferent";"Stimme eher zu";"Eher selten";"Nie";"Eher oft";"Selten";"Nie";"Eher selten";"männlich";"30-39";"Mietwohnung";"10000 - 11999 Fr.";0;"Ja";5;60;"5";"5";-3;-2;3;1
4728;6;"Indifferent";"Stimme eher zu";"Stimme eher zu";"Stimme eher zu";"Indifferent";"Stimme eher zu";"Stimme zu";"Indifferent";"Stimme zu";"Stimme eher zu";"Eher selten";"Selten";"Eher oft";"Selten";"Eher selten";"Eher oft";"männlich";"20-29";"Mietwohnung";"10000 - 11999 Fr.";1;"Ja";5;40;"5";"3";-3;-2;3;3
4738;3;"Stimme eher zu";"Stimme eher zu";"Stimme zu";"Stimme zu";"Stimme eher zu";"Indifferent";"Stimme zu";"Indifferent";"Indifferent";"Indifferent";"Eher oft";"Selten";"Oft";"Selten";"Nie";"Eher oft";"männlich";"50-64";"Mietwohnung";"10000 - 11999 Fr.";0;"Ja";4;90;"4";"5";-3;-3;3;3
4743;4;"Stimme eher zu";"Stimme eher nicht zu";"Stimme eher nicht zu";"Indifferent";"Stimme eher zu";"Stimme eher zu";"Stimme eher zu";"Stimme eher nicht zu";"Stimme eher zu";"Stimme eher zu";"Eher oft";"Eher oft";"Oft";"Eher oft";"Eher oft";"Oft";"männlich";"30-39";"Mietwohnung";"8000 - 8999 Fr.";0;"Nein";4;50;"4";"3";0;0;1;0
4750;1;"Stimme eher nicht zu";"Stimme nicht zu";"Indifferent";"Stimme zu";"Stimme eher zu";"Stimme eher nicht zu";"Stimme zu";"Stimme nicht zu";"Stimme zu";"Indifferent";"Eher selten";"Selten";"Oft";"Eher oft";"Eher selten";"Eher oft";"weiblich";"65+";"Mietwohnung";"7000 - 7999 Fr.";0;NA;5;40;NA;NA;-3;-2;-2;1
4751;4;"Stimme eher nicht zu";"Stimme zu";"Stimme zu";"Stimme zu";"Stimme eher zu";"Stimme zu";"Stimme zu";"Stimme nicht zu";"Stimme zu";"Stimme zu";"Selten";"Nie";"Oft";"Eher oft";"Nie";"Nie";"weiblich";"40-49";"Eigentumswohnung";"12000 - 14999 Fr.";1;"Ja";4;20;"5";"5";-1;-1;1;0
4759;2;"Stimme eher zu";"Stimme eher zu";"Stimme nicht zu";"Stimme eher zu";"Indifferent";"Stimme eher nicht zu";"Stimme eher nicht zu";"Stimme zu";"Stimme eher nicht zu";"Indifferent";"Eher selten";"Eher selten";"Oft";"Selten";"Selten";"Eher selten";"männlich";"50-64";"Eigentumswohnung";"7000 - 7999 Fr.";0;NA;4;60;NA;NA;-2;0;0;0
4760;1;"Stimme eher zu";"Stimme eher nicht zu";"Stimme zu";"Indifferent";"Indifferent";"Stimme eher zu";"Indifferent";"Indifferent";"Stimme eher zu";"Stimme eher nicht zu";"Eher oft";"Eher oft";"Eher oft";"Eher oft";"Eher selten";"Eher oft";"weiblich";"40-49";"Mietwohnung";"5000 - 5999 Fr.";1;NA;5;50;NA;NA;-2;-2;2;2
4767;6;"Indifferent";"Indifferent";"Stimme zu";"Indifferent";"Stimme nicht zu";"Stimme eher zu";"Stimme nicht zu";"Indifferent";"Indifferent";"Stimme eher nicht zu";"Eher selten";"Eher selten";"Oft";"Eher oft";"Eher oft";"Oft";"männlich";"30-39";"Mietwohnung";"Mehr als 15000 Fr.";1;"Nein";4;30;"5";"-1";-3;1;-1;1
4778;4;"Stimme eher zu";"Indifferent";"Stimme eher zu";"Stimme eher nicht zu";"Indifferent";"Stimme eher nicht zu";"Indifferent";"Indifferent";"Stimme eher zu";"Indifferent";"Selten";"Eher selten";"Eher oft";"Selten";"Selten";"Oft";"männlich";"20-29";"Mietwohnung";"12000 - 14999 Fr.";1;"Ja";4;10;"5";"3";-2;0;2;2
4784;4;"Stimme eher zu";"Stimme zu";"Stimme zu";"Stimme eher zu";"Stimme zu";"Stimme eher zu";"Indifferent";"Stimme nicht zu";"Stimme eher nicht zu";"Stimme zu";"Eher oft";"Eher selten";"Oft";"Eher oft";"Eher selten";"Eher oft";"männlich";"65+";"Eigentumswohnung";"10000 - 11999 Fr.";0;"Ja";5;20;"5";"-1";1;0;0;1
4801;5;"Stimme eher nicht zu";"Stimme eher zu";"Stimme zu";"Stimme zu";"Indifferent";"Stimme zu";"Indifferent";"Stimme nicht zu";"Stimme eher zu";"Stimme eher nicht zu";"Eher selten";"Selten";"Selten";"Eher oft";"Selten";"Eher selten";"männlich";"20-29";"Mietwohnung";"7000 - 7999 Fr.";0;"Ja";5;40;"5";"4";-2;-3;3;3
4838;3;"Stimme eher nicht zu";"Stimme eher zu";"Stimme zu";"Stimme eher zu";"Stimme eher zu";"Stimme eher zu";"Stimme zu";"Stimme nicht zu";"Indifferent";"Stimme eher zu";"Eher oft";"Selten";"Oft";"Selten";"Selten";"Oft";"männlich";"40-49";"Mietwohnung";"7000 - 7999 Fr.";0;"Ja";4;33;"4";"4";-2;-2;2;1
4847;4;"Stimme nicht zu";"Stimme eher zu";"Stimme zu";"Stimme zu";"Indifferent";"Stimme eher zu";"Stimme eher zu";"Stimme nicht zu";"Stimme eher zu";"Stimme eher zu";"Nie";NA;NA;NA;NA;NA;"weiblich";"40-49";"Mietwohnung";"4000 - 4999 Fr.";1;"Nein";5;70;"5";"4";-3;-2;2;2
4866;4;"Stimme nicht zu";"Stimme nicht zu";"Stimme zu";"Stimme zu";"Stimme eher zu";"Stimme eher nicht zu";"Stimme eher nicht zu";"Stimme eher nicht zu";"Stimme eher zu";"Stimme zu";"Selten";"Eher oft";"Oft";"Oft";"Eher oft";"Selten";"weiblich";"30-39";"Mietwohnung";"8000 - 8999 Fr.";1;"Nein";4;70;"4";"4";2;1;-2;0
4879;4;"Stimme eher nicht zu";"Stimme zu";"Stimme zu";"Stimme eher zu";"Stimme zu";"Stimme eher zu";"Stimme eher zu";"Stimme nicht zu";"Stimme zu";"Stimme eher zu";"Selten";"Selten";"Eher oft";"Selten";"Eher selten";"Eher oft";"männlich";"30-39";"Mietwohnung";"8000 - 8999 Fr.";1;"Ja";5;75;"5";"5";-3;-3;3;3
4884;3;"Stimme eher nicht zu";"Stimme zu";"Stimme zu";"Stimme eher zu";"Stimme eher zu";"Stimme eher zu";"Indifferent";"Stimme nicht zu";"Stimme eher zu";"Stimme eher zu";"Eher oft";"Selten";"Oft";"Eher oft";"Eher selten";"Eher oft";"weiblich";"30-39";"Mietwohnung";"4000 - 4999 Fr.";1;"Nein";5;60;"5";"4";-3;-2;2;1
4900;6;"Indifferent";"Indifferent";"Stimme eher zu";"Stimme eher zu";"Indifferent";"Stimme eher zu";"Indifferent";"Indifferent";"Indifferent";"Indifferent";"Selten";"Selten";"Eher selten";"Selten";"Selten";"Selten";"männlich";"65+";"Eigentumswohnung";"10000 - 11999 Fr.";0;"Nein";3;25;"4";"4";-2;1;2;0
4909;5;"Stimme nicht zu";"Indifferent";"Stimme nicht zu";"Stimme zu";"Stimme eher zu";"Stimme eher zu";"Stimme zu";"Stimme nicht zu";"Stimme eher zu";"Stimme eher zu";"Oft";"Selten";"Oft";"Eher oft";"Selten";"Eher oft";"weiblich";"50-64";"Mietwohnung";"< 3000 Fr.";0;"Ja";5;100;"5";"5";-3;-3;3;2
4913;3;"Stimme eher nicht zu";"Stimme eher zu";"Stimme zu";"Stimme eher zu";"Indifferent";"Stimme eher zu";"Stimme eher zu";"Stimme nicht zu";"Stimme zu";"Indifferent";"Nie";"Eher oft";"Eher oft";"Eher selten";"Eher oft";"Eher oft";"männlich";"40-49";"Eigentumswohnung";"7000 - 7999 Fr.";0;"Ja";5;30;"5";"4";-2;-2;2;1
4926;5;"Stimme eher nicht zu";"Stimme zu";"Stimme zu";"Stimme zu";"Stimme eher zu";"Stimme zu";"Stimme zu";"Stimme nicht zu";"Stimme zu";"Stimme eher zu";"Eher oft";"Selten";"Oft";"Eher selten";"Nie";"Eher oft";"weiblich";"50-64";"Mietwohnung";"7000 - 7999 Fr.";0;"Ja";5;50;"5";"5";-3;-2;3;1
4932;6;"Stimme eher nicht zu";"Stimme zu";"Stimme eher zu";"Stimme zu";"Stimme zu";"Stimme zu";"Stimme zu";"Stimme nicht zu";"Stimme zu";"Stimme eher zu";"Eher oft";"Eher selten";"Oft";"Eher oft";"Selten";"Eher selten";"männlich";"30-39";"Mietwohnung";"6000 - 6999 Fr.";0;"Nein";4;85;"5";"5";-2;0;2;1
4943;2;"Stimme eher zu";"Stimme eher zu";"Stimme eher zu";"Stimme eher zu";"Indifferent";"Stimme eher zu";"Stimme eher zu";"Stimme nicht zu";"Stimme zu";"Indifferent";"Eher oft";"Eher oft";"Eher oft";"Eher oft";"Eher selten";"Eher selten";"weiblich";"50-64";"Eigentumswohnung";"8000 - 8999 Fr.";0;NA;4;30;NA;NA;-3;-2;1;1
4949;2;"Stimme zu";"Stimme eher zu";"Stimme eher zu";"Stimme eher zu";"Indifferent";"Stimme zu";"Stimme zu";"Indifferent";"Stimme eher zu";"Stimme nicht zu";"Eher selten";"Selten";"Eher oft";"Selten";"Nie";"Eher selten";"männlich";"50-64";"Mietwohnung";"10000 - 11999 Fr.";0;NA;3;70;NA;NA;-1;-2;2;1
4957;2;"Stimme eher nicht zu";"Stimme zu";"Stimme zu";"Stimme zu";"Stimme zu";"Stimme eher zu";"Indifferent";"Stimme nicht zu";"Stimme zu";"Indifferent";"Oft";"Nie";"Oft";"Selten";"Selten";"Selten";"männlich";"65+";"Mietwohnung";"Keine Angabe";1;NA;4;50;NA;NA;-3;-2;1;0
4958;1;"Stimme eher nicht zu";"Stimme eher zu";"Stimme zu";"Indifferent";"Stimme nicht zu";"Stimme eher nicht zu";"Stimme eher nicht zu";"Stimme nicht zu";"Stimme zu";"Stimme zu";"Eher oft";"Selten";"Eher oft";"Nie";"Selten";"Oft";"weiblich";"30-39";"Mietwohnung";"Keine Angabe";1;NA;4;50;NA;NA;-3;0;2;0
4967;6;"Indifferent";"Stimme eher zu";"Stimme zu";"Stimme eher zu";"Stimme eher zu";"Stimme eher zu";"Stimme eher zu";"Stimme eher nicht zu";"Stimme eher zu";"Indifferent";"Eher oft";"Eher selten";"Eher selten";"Selten";"Eher selten";"Eher selten";"männlich";"50-64";"Mietwohnung";"12000 - 14999 Fr.";0;"Ja";5;30;"5";"5";-2;-1;2;1
4972;5;"Stimme eher zu";"Stimme zu";"Stimme zu";"Stimme eher zu";"Stimme eher zu";"Stimme eher zu";"Indifferent";"Stimme nicht zu";"Stimme eher nicht zu";"Indifferent";"Oft";"Oft";"Eher oft";"Eher selten";"Selten";"Oft";"männlich";"30-39";"Mietwohnung";"8000 - 8999 Fr.";0;"Ja";5;50;"5";"4";-2;-3;3;1
4973;4;"Stimme zu";"Stimme zu";"Stimme zu";"Stimme zu";"Stimme eher zu";"Stimme eher zu";"Stimme eher zu";"Stimme nicht zu";"Stimme zu";"Stimme zu";"Eher selten";"Selten";"Oft";"Eher oft";"Selten";"Oft";"männlich";"50-64";"Mietwohnung";"4000 - 4999 Fr.";1;"Nein";5;75;"3";"3";-3;0;2;0
4979;1;"Indifferent";"Stimme zu";"Stimme zu";"Stimme zu";"Stimme zu";"Indifferent";"Stimme eher zu";"Stimme nicht zu";"Stimme eher nicht zu";"Indifferent";"Selten";"Selten";"Oft";"Selten";"Eher selten";"Eher selten";"weiblich";"50-64";"Mietwohnung";"5000 - 5999 Fr.";1;NA;5;50;NA;NA;-3;-3;3;2
4980;6;"Stimme eher zu";"Indifferent";"Stimme zu";"Stimme zu";"Stimme eher zu";"Stimme eher zu";"Stimme eher zu";"Stimme eher nicht zu";"Stimme eher nicht zu";"Stimme eher nicht zu";"Eher oft";"Eher selten";"Eher selten";"Eher selten";"Eher selten";"Eher oft";"männlich";"65+";"Mietwohnung";"7000 - 7999 Fr.";0;"Nein";3;50;"3";"3";-2;-1;2;0
4997;1;"Indifferent";"Stimme zu";"Stimme eher zu";"Stimme zu";"Stimme eher zu";"Stimme eher zu";"Stimme zu";"Stimme nicht zu";"Stimme zu";"Stimme eher zu";"Eher oft";"Eher oft";"Oft";"Oft";"Eher oft";"Oft";"männlich";"30-39";"Mietwohnung";"5000 - 5999 Fr.";0;NA;1;80;NA;NA;-3;-2;2;2
5018;2;"Stimme eher nicht zu";"Stimme eher zu";"Stimme zu";"Stimme zu";"Stimme eher zu";"Stimme zu";"Stimme zu";"Stimme nicht zu";"Stimme eher zu";"Stimme eher zu";"Eher oft";"Selten";"Selten";"Selten";"Nie";"Eher oft";"weiblich";"50-64";"Mietwohnung";"8000 - 8999 Fr.";1;NA;3;50;NA;NA;-1;-3;2;-1
5019;1;"Indifferent";"Stimme zu";"Stimme zu";"Stimme zu";"Indifferent";"Stimme zu";"Stimme zu";"Stimme nicht zu";"Stimme zu";"Stimme eher zu";"Eher oft";"Oft";"Oft";"Oft";"Eher oft";"Oft";"weiblich";"30-39";"Mietwohnung";"9000 - 9999 Fr.";0;NA;4;40;NA;NA;-3;-1;0;1
5020;3;"Stimme nicht zu";"Stimme zu";"Stimme zu";"Stimme zu";"Stimme nicht zu";"Indifferent";"Indifferent";"Stimme nicht zu";"Stimme zu";"Stimme eher zu";"Oft";"Selten";"Eher oft";"Oft";"Eher selten";"Oft";"weiblich";"65+";"Eigentumswohnung";"8000 - 8999 Fr.";0;"Ja";2;10;"5";"5";-2;-3;3;0
5027;4;"Stimme eher nicht zu";"Stimme eher zu";"Indifferent";"Stimme zu";"Stimme eher zu";"Stimme eher zu";"Stimme eher zu";"Stimme eher nicht zu";"Stimme eher nicht zu";"Stimme eher zu";"Selten";"Nie";"Eher oft";"Eher selten";"Selten";"Eher oft";"männlich";"65+";"Mietwohnung";"6000 - 6999 Fr.";0;"Nein";4;80;"4";"4";-2;-2;2;1
5030;6;"Indifferent";"Stimme eher zu";"Stimme zu";"Stimme zu";"Stimme eher zu";"Indifferent";"Indifferent";"Stimme nicht zu";"Stimme zu";"Stimme zu";"Selten";"Selten";"Oft";"Eher selten";"Eher selten";"Eher selten";"männlich";"50-64";"Mietwohnung";"5000 - 5999 Fr.";0;"Ja";5;50;"5";"5";-2;-1;2;1
5048;2;"Indifferent";"Stimme zu";"Indifferent";"Indifferent";"Indifferent";"Indifferent";"Indifferent";"Stimme nicht zu";"Stimme zu";"Indifferent";"Eher selten";"Selten";"Eher oft";"Eher selten";"Selten";"Eher oft";"weiblich";"65+";"Mietwohnung";"5000 - 5999 Fr.";0;NA;4;50;NA;NA;-3;0;-1;0
5049;5;"Indifferent";"Stimme eher zu";"Stimme zu";"Stimme eher zu";"Indifferent";"Indifferent";"Indifferent";"Stimme eher nicht zu";"Stimme eher zu";"Indifferent";"Eher oft";"Eher selten";"Eher oft";"Eher selten";"Eher selten";"Eher oft";"männlich";"40-49";"Mietwohnung";"7000 - 7999 Fr.";0;"Ja";5;50;"5";"5";-3;-1;2;1
5050;1;"Stimme eher zu";"Stimme eher nicht zu";"Stimme eher zu";"Stimme zu";"Stimme eher zu";"Stimme eher zu";"Stimme eher zu";"Stimme nicht zu";"Indifferent";"Stimme zu";"Eher selten";"Eher selten";"Oft";"Eher selten";"Eher selten";"Eher oft";"weiblich";"50-64";"Mietwohnung";"6000 - 6999 Fr.";1;NA;5;30;NA;NA;-2;-2;2;1
5066;5;"Stimme eher nicht zu";"Stimme eher zu";"Stimme eher zu";"Stimme eher zu";"Indifferent";"Stimme eher zu";"Stimme eher zu";"Stimme eher nicht zu";"Stimme zu";"Stimme eher zu";"Selten";"Eher selten";"Eher selten";"Eher oft";"Eher selten";"Eher oft";"männlich";"30-39";"Mietwohnung";"5000 - 5999 Fr.";0;"Nein";5;25;"5";"5";-2;-1;2;0
5091;1;"Stimme nicht zu";"Stimme zu";"Stimme zu";"Stimme zu";"Indifferent";"Stimme eher zu";"Stimme eher zu";"Stimme nicht zu";"Stimme zu";"Stimme eher zu";"Eher oft";"Eher selten";"Eher selten";"Oft";"Oft";"Oft";"weiblich";"30-39";"Mietwohnung";"6000 - 6999 Fr.";0;NA;5;40;NA;NA;-2;-2;2;2
5092;3;"Indifferent";"Stimme zu";"Indifferent";"Indifferent";"Indifferent";"Stimme zu";"Indifferent";"Stimme nicht zu";"Indifferent";"Indifferent";"Eher oft";"Eher selten";"Eher oft";"Selten";"Eher oft";"Eher oft";"männlich";"50-64";"Mietwohnung";"4000 - 4999 Fr.";0;"Nein";5;30;"4";"-1";-2;0;0;0
5101;5;"Indifferent";"Stimme eher zu";"Stimme zu";"Stimme eher zu";"Indifferent";"Indifferent";"Indifferent";"Stimme eher nicht zu";"Stimme eher nicht zu";"Indifferent";"Eher selten";"Eher selten";"Eher oft";"Eher selten";"Selten";"Eher selten";"männlich";"30-39";"Mietwohnung";"6000 - 6999 Fr.";1;"Ja";5;50;"5";"4";-2;0;1;0
5104;5;"Stimme nicht zu";"Stimme zu";"Stimme zu";"Stimme zu";"Stimme eher zu";"Stimme eher zu";"Stimme zu";"Stimme nicht zu";"Stimme zu";"Stimme zu";"Selten";"Selten";"Oft";"Selten";"Selten";"Oft";"männlich";"50-64";"Mietwohnung";"9000 - 9999 Fr.";0;"Nein";4;33;"5";"5";-3;-1;2;1
5113;1;"Stimme eher nicht zu";"Stimme zu";"Stimme zu";"Stimme zu";"Indifferent";"Stimme zu";"Stimme eher zu";"Stimme nicht zu";"Stimme zu";"Stimme eher zu";"Eher oft";"Oft";"Oft";"Oft";"Oft";"Eher oft";"weiblich";"40-49";"Mietwohnung";"4000 - 4999 Fr.";1;NA;5;60;NA;NA;-3;-2;2;2
5118;2;"Indifferent";"Stimme zu";"Stimme eher zu";"Stimme zu";"Indifferent";"Stimme eher zu";"Stimme eher zu";"Stimme eher zu";"Stimme zu";"Stimme eher zu";"Eher selten";"Selten";"Oft";"Selten";"Eher selten";"Eher oft";"männlich";"65+";"Mietwohnung";"3000 - 3999 Fr.";0;NA;5;95;NA;NA;-3;-2;2;-1
5121;6;"Stimme nicht zu";"Stimme zu";"Stimme zu";"Stimme zu";"Stimme eher zu";"Stimme zu";"Stimme zu";"Stimme nicht zu";"Indifferent";"Indifferent";"Eher selten";"Selten";"Oft";"Eher selten";"Selten";"Eher oft";"männlich";"65+";"Mietwohnung";"3000 - 3999 Fr.";0;"Ja";4;40;"5";"5";-2;-3;3;2
5151;4;"Stimme eher nicht zu";"Stimme zu";"Stimme eher zu";"Stimme zu";"Stimme nicht zu";"Stimme zu";"Stimme zu";"Stimme nicht zu";"Stimme zu";"Stimme eher nicht zu";"Oft";"Oft";"Oft";"Oft";"Oft";"Oft";"weiblich";"20-29";"Mietwohnung";"8000 - 8999 Fr.";2;"Ja";5;40;"5";"2";-3;1;2;2
5154;4;"Indifferent";"Stimme zu";"Indifferent";"Stimme zu";"Stimme eher zu";"Stimme eher zu";"Stimme eher zu";"Stimme nicht zu";"Stimme zu";"Stimme zu";"Eher selten";"Eher selten";"Eher selten";"Eher selten";"Selten";"Eher oft";"männlich";"50-64";"Mietwohnung";"Mehr als 15000 Fr.";0;"Ja";5;10;"5";"3";-2;-2;3;-1
5173;6;"Stimme zu";"Stimme zu";"Stimme zu";"Stimme zu";"Stimme eher zu";"Stimme eher zu";"Stimme zu";"Stimme nicht zu";"Stimme eher nicht zu";"Indifferent";"Eher oft";"Nie";"Selten";"Selten";"Nie";"Oft";"männlich";"50-64";NA;"8000 - 8999 Fr.";0;"Nein";5;50;"5";"4";-3;-3;3;3
5185;2;"Stimme eher nicht zu";"Stimme zu";"Stimme zu";"Stimme zu";"Stimme eher zu";"Stimme eher nicht zu";"Stimme eher nicht zu";"Stimme zu";"Stimme zu";"Stimme eher zu";"Eher oft";"Eher selten";"Oft";"Eher selten";"Eher selten";"Oft";"männlich";"30-39";"Mietwohnung";"Mehr als 15000 Fr.";0;NA;5;30;NA;NA;-3;-2;3;2
5189;3;"Stimme eher nicht zu";"Stimme zu";"Stimme zu";"Stimme zu";"Stimme eher nicht zu";"Stimme eher zu";"Stimme eher zu";"Stimme nicht zu";"Stimme eher zu";"Stimme eher zu";"Eher selten";"Eher oft";"Eher selten";"Eher selten";"Eher selten";"Eher selten";"männlich";"20-29";"Mietwohnung";"4000 - 4999 Fr.";0;"Nein";4;42;"5";"5";-1;-1;1;0
5199;6;"Indifferent";"Stimme eher zu";"Stimme zu";"Stimme zu";"Stimme eher zu";"Stimme eher zu";"Stimme eher zu";"Stimme eher nicht zu";"Stimme zu";"Stimme eher zu";"Selten";"Eher selten";"Eher oft";"Eher selten";"Eher oft";"Eher oft";"männlich";"20-29";"Mietwohnung";"3000 - 3999 Fr.";1;"Ja";5;40;"5";"5";-2;-1;2;0
5206;4;"Indifferent";"Stimme eher zu";"Stimme eher zu";"Indifferent";"Indifferent";"Stimme zu";"Stimme eher zu";"Stimme eher nicht zu";"Stimme zu";"Indifferent";"Eher selten";"Eher selten";"Oft";"Oft";"Eher selten";"Oft";"männlich";"20-29";"Mietwohnung";"6000 - 6999 Fr.";1;"Ja";5;70;"5";"4";-3;-2;3;1
5212;6;"Stimme nicht zu";"Stimme eher nicht zu";"Stimme nicht zu";"Indifferent";"Indifferent";"Stimme eher zu";"Stimme eher zu";"Stimme eher zu";"Stimme eher zu";"Indifferent";"Eher oft";"Eher selten";"Eher oft";"Selten";"Selten";"Eher selten";"männlich";"30-39";"Eigentumswohnung";"Mehr als 15000 Fr.";1;"Ja";4;5;"5";"3";-3;-2;2;2
5221;2;"Stimme eher nicht zu";"Stimme zu";"Stimme zu";"Stimme zu";"Stimme eher nicht zu";"Stimme eher zu";"Stimme eher zu";"Stimme nicht zu";"Indifferent";"Indifferent";"Eher selten";"Selten";"Eher oft";"Eher selten";"Selten";"Eher oft";"männlich";"65+";"Mietwohnung";"6000 - 6999 Fr.";1;NA;2;70;NA;NA;-2;3;-3;-2
5222;2;"Indifferent";"Stimme eher zu";"Stimme eher zu";"Stimme eher zu";"Indifferent";"Indifferent";"Indifferent";"Stimme eher nicht zu";"Stimme eher zu";"Stimme eher nicht zu";"Eher selten";"Selten";"Eher oft";"Eher oft";"Eher selten";"Eher oft";"weiblich";"50-64";"Mietwohnung";"6000 - 6999 Fr.";0;NA;3;50;NA;NA;-3;-2;2;2
5228;3;"Stimme eher zu";"Stimme eher zu";"Indifferent";"Stimme zu";"Indifferent";"Stimme eher zu";"Stimme zu";"Stimme eher nicht zu";"Stimme eher nicht zu";"Stimme zu";"Eher selten";"Eher oft";"Eher oft";"Selten";"Eher oft";"Oft";"männlich";"40-49";"Mietwohnung";"5000 - 5999 Fr.";0;"Nein";5;60;"5";"3";-2;0;2;2
5229;1;"Indifferent";"Stimme zu";"Stimme zu";"Stimme zu";"Stimme eher zu";"Stimme zu";"Stimme zu";"Stimme nicht zu";"Stimme eher zu";"Stimme zu";"Eher oft";"Eher selten";"Eher selten";"Eher oft";"Eher oft";"Oft";"männlich";"50-64";"Mietwohnung";"< 3000 Fr.";0;NA;4;90;NA;NA;-3;-1;1;0
5234;3;"Indifferent";"Stimme zu";"Stimme eher zu";"Stimme eher zu";"Stimme eher zu";"Stimme zu";"Indifferent";"Stimme eher nicht zu";"Stimme eher zu";"Indifferent";"Selten";"Eher selten";"Eher selten";"Eher oft";"Selten";"Oft";"weiblich";"20-29";"Mietwohnung";"< 3000 Fr.";1;"Ja";5;90;"#NV";"#NV";-3;-2;2;0
5259;3;"Indifferent";"Stimme eher zu";"Stimme zu";"Indifferent";"Stimme eher zu";"Stimme eher zu";"Indifferent";"Indifferent";"Stimme eher nicht zu";"Stimme eher zu";"Selten";"Selten";"Eher selten";"Selten";"Nie";"Nie";"weiblich";"40-49";"Eigentumswohnung";"< 3000 Fr.";1;"Nein";3;15;"-1";"-1";3;0;0;0
5263;4;"Stimme nicht zu";"Stimme zu";"Stimme zu";"Stimme zu";"Stimme zu";"Stimme zu";"Stimme zu";"Stimme nicht zu";"Stimme zu";"Stimme zu";"Eher selten";"Eher selten";"Eher selten";"Eher selten";"Nie";"Eher selten";"männlich";"50-64";"Mietwohnung";"4000 - 4999 Fr.";0;"Nein";5;40;"4";"5";-3;-1;3;2
5287;2;"Stimme nicht zu";"Indifferent";"Stimme zu";"Stimme zu";"Indifferent";"Indifferent";"Indifferent";"Stimme eher zu";"Stimme eher zu";"Stimme eher nicht zu";"Nie";"Nie";"Eher oft";"Nie";"Nie";"Eher oft";"weiblich";"65+";"Mietwohnung";"5000 - 5999 Fr.";0;NA;5;70;NA;NA;-3;0;0;0
5293;5;"Indifferent";"Stimme zu";"Indifferent";"Stimme zu";"Indifferent";"Stimme zu";"Indifferent";"Stimme nicht zu";"Stimme zu";"Stimme zu";"Selten";"Selten";"Oft";"Eher oft";"Selten";"Eher oft";"männlich";"40-49";"Mietwohnung";"8000 - 8999 Fr.";0;"Nein";3;20;NA;NA;1;2;-2;-2
5296;2;"Stimme zu";"Stimme eher zu";"Stimme zu";"Stimme zu";"Indifferent";"Stimme eher zu";"Stimme zu";"Stimme nicht zu";"Stimme eher zu";"Stimme eher zu";"Eher oft";"Selten";"Oft";"Eher selten";"Selten";"Selten";"männlich";"40-49";"Mietwohnung";"7000 - 7999 Fr.";1;NA;1;60;NA;NA;-3;-3;3;2
5307;3;"Stimme nicht zu";"Stimme zu";"Stimme zu";"Stimme zu";"Stimme eher nicht zu";"Stimme eher zu";"Stimme zu";"Stimme eher zu";"Stimme zu";"Stimme nicht zu";"Eher oft";"Eher selten";"Oft";"Nie";"Eher oft";"Oft";"weiblich";"65+";"Mietwohnung";"5000 - 5999 Fr.";0;"Ja";4;50;"2";"-1";-2;-2;3;1
5312;1;"Stimme eher zu";"Stimme zu";"Stimme eher nicht zu";"Stimme zu";"Stimme eher zu";"Stimme eher zu";"Stimme eher zu";"Stimme nicht zu";"Stimme zu";"Stimme zu";"Eher oft";"Nie";"Oft";"Nie";"Nie";"Eher oft";"männlich";"50-64";"Mietwohnung";"Keine Angabe";0;NA;2;50;NA;NA;-2;3;-3;0
5347;3;"Indifferent";"Stimme eher zu";"Stimme zu";"Stimme eher zu";"Stimme zu";"Stimme zu";"Stimme zu";"Stimme eher nicht zu";"Stimme zu";"Stimme zu";"Eher oft";"Eher oft";"Oft";"Eher oft";"Eher oft";"Eher oft";"weiblich";"50-64";"Mietwohnung";"4000 - 4999 Fr.";0;"Nein";5;20;"5";"4";-3;-3;3;2
5356;4;"Indifferent";"Stimme zu";"Stimme zu";"Stimme zu";"Stimme eher zu";"Stimme eher zu";"Stimme zu";"Stimme nicht zu";"Stimme zu";"Stimme zu";"Eher oft";"Eher oft";"Oft";"Eher selten";"Eher oft";"Oft";"weiblich";"40-49";"Mietwohnung";"4000 - 4999 Fr.";0;"Nein";1;75;"4";"4";-2;-1;1;1
5359;2;"Stimme nicht zu";"Stimme zu";"Stimme zu";"Stimme zu";"Indifferent";"Stimme eher zu";"Stimme zu";"Stimme eher nicht zu";NA;"Stimme zu";"Oft";"Selten";"Oft";"Eher selten";"Eher selten";"Selten";"männlich";"65+";"Mietwohnung";"10000 - 11999 Fr.";1;NA;5;10;NA;NA;0;2;2;-3
5364;1;"Stimme nicht zu";"Stimme eher nicht zu";"Stimme eher zu";"Stimme zu";"Stimme eher zu";"Stimme zu";"Stimme zu";"Stimme nicht zu";"Stimme zu";"Indifferent";"Eher oft";NA;"Oft";"Eher oft";NA;"Eher oft";"weiblich";"40-49";"Mietwohnung";"6000 - 6999 Fr.";1;NA;5;40;NA;NA;-3;0;2;-3
5380;6;"Stimme eher zu";"Stimme zu";"Stimme zu";"Stimme eher zu";"Indifferent";"Stimme eher zu";"Indifferent";"Indifferent";"Indifferent";"Indifferent";"Eher oft";"Selten";"Eher selten";"Nie";"Nie";"Selten";"weiblich";"65+";"Mietwohnung";"6000 - 6999 Fr.";0;"Nein";5;0;"5";"5";-3;0;2;1
5383;6;"Stimme nicht zu";"Stimme eher zu";"Stimme zu";"Stimme eher nicht zu";"Stimme eher nicht zu";"Indifferent";"Stimme zu";"Stimme eher zu";"Stimme eher nicht zu";"Indifferent";"Eher oft";"Eher selten";"Eher oft";"Eher selten";"Nie";"Eher oft";"männlich";"65+";"Eigentumswohnung";"7000 - 7999 Fr.";0;"Nein";5;90;"5";"4";-2;3;-3;-2
5401;5;"Stimme eher zu";"Stimme zu";"Stimme eher zu";"Stimme zu";"Stimme nicht zu";"Stimme eher zu";"Stimme eher nicht zu";"Stimme zu";"Stimme zu";"Stimme eher nicht zu";"Eher selten";"Eher oft";"Eher oft";"Oft";"Eher oft";"Oft";"männlich";"20-29";"Mietwohnung";"5000 - 5999 Fr.";0;"Nein";5;50;"5";"5";-3;3;-3;0
5445;6;"Stimme eher nicht zu";"Stimme eher zu";"Stimme zu";"Stimme eher zu";"Indifferent";"Stimme eher zu";"Stimme eher zu";"Stimme eher nicht zu";"Stimme zu";"Indifferent";"Eher oft";"Eher selten";"Oft";"Eher selten";"Eher selten";"Eher oft";"männlich";"20-29";"Mietwohnung";"6000 - 6999 Fr.";1;"Ja";5;20;"5";"3";-3;-2;2;1
5490;5;"Stimme nicht zu";"Stimme eher zu";"Stimme zu";"Indifferent";"Indifferent";"Stimme zu";"Stimme eher zu";"Stimme nicht zu";"Stimme zu";"Stimme eher zu";"Oft";"Selten";"Eher oft";"Eher oft";"Selten";"Oft";"weiblich";"20-29";"Mietwohnung";"7000 - 7999 Fr.";1;"Nein";5;50;"4";"1";-3;3;-2;-2
5514;6;"Indifferent";"Indifferent";"Indifferent";"Stimme eher zu";"Stimme eher zu";"Stimme eher zu";"Stimme eher zu";"Stimme eher zu";"Stimme zu";"Indifferent";"Eher selten";"Nie";"Eher selten";"Selten";"Eher selten";"Eher oft";"männlich";"50-64";"Mietwohnung";"9000 - 9999 Fr.";1;"Ja";5;10;"5";"5";-2;2;1;0
5523;5;"Stimme zu";"Stimme nicht zu";"Stimme zu";"Stimme nicht zu";"Stimme zu";"Stimme eher zu";"Stimme zu";"Stimme nicht zu";"Stimme zu";"Indifferent";"Eher selten";"Eher oft";"Eher selten";"Eher selten";"Eher oft";"Eher oft";"weiblich";"50-64";"Mietwohnung";"< 3000 Fr.";0;"Ja";5;95;"5";"5";-3;0;0;0
5529;1;"Indifferent";"Indifferent";"Indifferent";"Stimme eher zu";"Stimme eher zu";"Indifferent";"Indifferent";"Stimme eher nicht zu";"Indifferent";"Indifferent";"Eher selten";"Eher selten";"Eher oft";"Eher selten";"Eher selten";"Eher oft";"weiblich";"65+";"Mietwohnung";"Keine Angabe";0;NA;4;70;NA;NA;0;1;0;0
5559;6;"Stimme eher nicht zu";"Stimme zu";"Stimme zu";"Stimme eher zu";"Stimme eher zu";"Stimme eher zu";"Stimme zu";"Stimme nicht zu";"Stimme zu";"Indifferent";"Eher selten";"Eher oft";"Eher oft";"Eher selten";"Eher oft";"Eher oft";"männlich";"65+";"Mietwohnung";"9000 - 9999 Fr.";0;"Nein";5;30;"5";"5";-3;-2;3;1
5561;4;"Stimme eher nicht zu";"Stimme eher zu";"Stimme zu";"Stimme eher zu";"Stimme eher zu";"Stimme zu";"Stimme eher zu";"Stimme nicht zu";"Stimme eher nicht zu";"Indifferent";"Eher selten";"Nie";"Eher selten";"Selten";"Eher oft";"Eher oft";"männlich";"65+";"Mietwohnung";"6000 - 6999 Fr.";0;"Ja";5;90;"4";"4";-2;-3;2;0
5576;3;"Stimme eher nicht zu";"Stimme zu";"Stimme zu";"Stimme zu";"Stimme eher zu";"Stimme eher zu";"Stimme eher zu";"Stimme nicht zu";"Stimme zu";"Stimme zu";"Eher oft";"Eher selten";"Eher selten";"Eher selten";"Selten";"Selten";"weiblich";"50-64";"Mietwohnung";"3000 - 3999 Fr.";0;"Nein";5;75;"5";"5";-3;-3;3;2
5579;6;"Stimme eher zu";"Stimme eher zu";"Stimme eher zu";"Stimme zu";"Stimme eher nicht zu";"Stimme eher zu";"Stimme eher zu";"Stimme eher nicht zu";"Stimme eher zu";"Stimme eher zu";"Eher oft";"Eher selten";"Eher oft";"Eher selten";"Eher oft";"Oft";"männlich";"40-49";"Mietwohnung";"8000 - 8999 Fr.";0;"Nein";2;20;"5";"3";1;3;-3;0
5585;4;"Stimme eher zu";"Stimme zu";"Stimme zu";"Stimme zu";"Indifferent";"Stimme zu";"Stimme zu";"Stimme nicht zu";"Stimme zu";"Stimme eher zu";"Eher oft";"Eher oft";"Eher oft";"Eher oft";"Eher selten";"Eher oft";"männlich";"20-29";"Mietwohnung";"12000 - 14999 Fr.";0;"Ja";4;40;"5";"5";-2;-1;1;1
5588;6;"Stimme nicht zu";"Stimme eher zu";"Stimme zu";"Stimme eher zu";"Stimme eher zu";"Indifferent";"Indifferent";"Stimme nicht zu";"Indifferent";"Indifferent";"Eher selten";"Nie";"Eher oft";"Selten";"Selten";"Eher oft";"weiblich";"50-64";"Mietwohnung";NA;0;"Ja";4;65;"5";"5";-2;-2;2;0
5589;6;"Stimme eher nicht zu";"Stimme zu";"Stimme eher zu";"Stimme eher zu";"Stimme zu";"Stimme eher zu";"Stimme zu";"Stimme eher nicht zu";"Indifferent";"Stimme eher zu";"Eher oft";"Eher selten";"Oft";"Eher selten";"Eher oft";"Eher oft";"männlich";"20-29";"Mietwohnung";"7000 - 7999 Fr.";0;"Ja";5;50;"5";"5";-3;-2;3;1
5594;2;"Stimme zu";"Stimme zu";"Stimme zu";"Stimme zu";"Stimme eher zu";"Stimme zu";"Stimme zu";"Stimme nicht zu";"Stimme zu";"Stimme eher zu";"Selten";"Selten";"Eher oft";"Eher oft";"Selten";"Eher selten";"männlich";"40-49";NA;"8000 - 8999 Fr.";1;NA;3;30;NA;NA;-3;0;1;2
5612;3;"Indifferent";"Stimme zu";"Stimme zu";"Stimme eher zu";"Indifferent";"Stimme zu";"Stimme zu";"Stimme nicht zu";"Stimme zu";"Stimme eher zu";"Eher oft";"Selten";"Oft";"Selten";"Eher selten";"Eher oft";"weiblich";"20-29";"Mietwohnung";"4000 - 4999 Fr.";1;"Nein";5;70;"5";"2";-3;1;2;-1
5616;4;"Indifferent";"Stimme zu";"Stimme zu";"Indifferent";"Stimme eher zu";"Stimme eher zu";"Stimme zu";"Stimme nicht zu";"Indifferent";"Indifferent";"Eher selten";"Selten";"Eher selten";"Eher selten";"Selten";"Eher selten";"weiblich";"40-49";"Mietwohnung";"Keine Angabe";1;"Ja";4;60;"4";"4";-2;0;2;1
5628;2;"Indifferent";"Stimme zu";"Stimme zu";"Stimme eher zu";"Indifferent";"Indifferent";"Stimme eher zu";"Stimme nicht zu";"Stimme eher zu";"Stimme eher zu";"Eher oft";"Eher selten";"Eher oft";"Eher oft";"Eher selten";"Eher oft";"männlich";"30-39";"Mietwohnung";"6000 - 6999 Fr.";0;NA;3;50;NA;NA;-3;0;0;1
5629;4;"Stimme eher nicht zu";"Stimme zu";"Stimme zu";"Stimme zu";"Stimme eher zu";"Stimme zu";"Stimme zu";"Stimme nicht zu";"Stimme zu";"Stimme zu";"Eher selten";"Selten";"Oft";"Eher oft";"Eher selten";"Eher oft";"männlich";"65+";"Eigentumswohnung";"9000 - 9999 Fr.";0;"Ja";5;10;"5";"5";-3;-3;3;3
5630;2;"Stimme zu";"Stimme zu";"Stimme zu";"Stimme zu";"Stimme zu";"Stimme zu";"Stimme zu";"Stimme zu";"Stimme zu";"Stimme nicht zu";"Nie";"Nie";"Oft";"Eher selten";"Nie";"Oft";"weiblich";"65+";"Mietwohnung";"3000 - 3999 Fr.";2;NA;5;80;NA;NA;-3;0;0;-2
5631;1;"Stimme nicht zu";"Stimme nicht zu";"Stimme nicht zu";"Stimme eher nicht zu";"Stimme nicht zu";"Stimme nicht zu";"Stimme nicht zu";"Stimme zu";"Stimme nicht zu";"Stimme nicht zu";"Selten";"Eher oft";"Eher selten";"Eher selten";"Eher selten";"Oft";"weiblich";"20-29";"Mietwohnung";"< 3000 Fr.";1;NA;4;50;NA;NA;-2;-1;2;1
5635;5;"Indifferent";"Stimme eher zu";"Stimme zu";"Indifferent";"Stimme zu";"Stimme zu";"Stimme eher zu";"Indifferent";"Stimme zu";"Stimme zu";"Eher selten";"Selten";"Oft";"Eher selten";"Selten";"Eher oft";"weiblich";"50-64";"Mietwohnung";"5000 - 5999 Fr.";0;"Nein";5;50;"5";"5";-3;-2;3;3
5637;1;"Indifferent";"Stimme eher zu";"Indifferent";"Indifferent";"Stimme eher zu";"Stimme eher zu";"Indifferent";"Stimme eher nicht zu";"Stimme eher zu";"Stimme eher zu";"Eher oft";"Eher selten";"Oft";"Oft";"Eher oft";"Eher oft";"weiblich";"30-39";"Mietwohnung";"4000 - 4999 Fr.";0;NA;5;60;NA;NA;-1;0;1;1
5640;5;"Stimme eher nicht zu";"Stimme nicht zu";"Stimme zu";"Stimme eher zu";"Stimme eher zu";"Stimme zu";"Stimme zu";"Stimme nicht zu";"Stimme eher zu";"Stimme zu";"Oft";"Eher oft";"Oft";"Selten";"Eher oft";"Eher oft";"männlich";"40-49";"Mietwohnung";"Mehr als 15000 Fr.";0;"Nein";5;20;"5";"5";-3;-2;3;2
5650;4;"Indifferent";"Stimme nicht zu";"Stimme zu";"Stimme zu";"Indifferent";"Indifferent";"Stimme zu";"Stimme nicht zu";"Stimme zu";"Stimme zu";"Selten";"Selten";"Eher oft";"Eher selten";"Selten";"Eher selten";"männlich";"50-64";"Mietwohnung";"12000 - 14999 Fr.";1;"Nein";4;5;"5";"5";-1;-2;0;0
5655;6;"Stimme eher zu";"Stimme eher zu";"Stimme eher nicht zu";"Stimme eher nicht zu";"Stimme eher zu";"Indifferent";"Indifferent";"Stimme eher nicht zu";"Indifferent";"Indifferent";"Selten";"Eher selten";"Eher oft";"Eher oft";"Eher selten";"Eher selten";"männlich";"20-29";"Mietwohnung";"12000 - 14999 Fr.";1;"Ja";5;10;"5";"3";-2;-1;1;1
5666;5;"Indifferent";"Stimme zu";"Stimme zu";"Stimme zu";"Indifferent";"Stimme zu";"Stimme nicht zu";"Stimme nicht zu";"Indifferent";"Stimme zu";"Oft";"Selten";"Oft";"Eher selten";"Eher selten";"Eher selten";"männlich";"40-49";"Mietwohnung";"Mehr als 15000 Fr.";0;"Nein";5;5;"5";"5";-3;0;2;2
5674;6;"Stimme eher nicht zu";"Stimme zu";"Stimme zu";"Stimme zu";"Stimme eher zu";"Stimme zu";"Stimme zu";"Stimme nicht zu";"Stimme zu";"Stimme eher zu";"Oft";"Eher oft";"Eher oft";"Eher selten";"Eher selten";"Oft";"männlich";"30-39";"Mietwohnung";"10000 - 11999 Fr.";0;"Ja";3;50;"5";"5";-2;-3;3;1
5678;6;"Stimme eher zu";"Stimme eher zu";"Stimme zu";"Stimme eher zu";"Indifferent";"Indifferent";"Indifferent";"Stimme eher nicht zu";"Stimme eher zu";"Indifferent";"Eher oft";"Eher selten";"Eher oft";"Eher selten";"Selten";"Eher oft";"männlich";"20-29";"Mietwohnung";"9000 - 9999 Fr.";1;"Ja";5;30;"5";"5";-3;-1;1;0
5688;6;"Stimme eher zu";"Stimme zu";"Stimme eher zu";"Stimme zu";"Stimme eher zu";"Stimme eher zu";"Stimme zu";"Stimme eher zu";"Stimme eher zu";"Stimme zu";"Eher selten";"Eher selten";"Eher oft";"Eher selten";"Eher selten";"Eher selten";"männlich";"65+";"Eigentumswohnung";"6000 - 6999 Fr.";1;"Nein";5;40;"5";"5";0;0;0;0
5709;6;"Stimme eher nicht zu";"Stimme zu";"Stimme zu";"Stimme zu";"Stimme eher zu";"Stimme zu";"Stimme eher zu";"Stimme nicht zu";"Stimme zu";"Stimme eher zu";"Oft";"Eher selten";"Oft";"Eher oft";"Selten";"Eher oft";"weiblich";"30-39";"Mietwohnung";"12000 - 14999 Fr.";1;"Nein";5;20;"4";"4";-2;-2;3;2
5714;6;"Stimme eher nicht zu";"Stimme zu";"Indifferent";"Stimme eher zu";"Stimme eher zu";"Stimme eher zu";"Stimme eher zu";"Stimme eher nicht zu";"Stimme zu";"Stimme eher zu";"Oft";"Oft";"Oft";"Oft";"Oft";"Oft";"weiblich";"30-39";"Mietwohnung";"Mehr als 15000 Fr.";1;"Nein";5;10;"5";"5";-3;2;2;1
5717;1;"Stimme eher zu";"Stimme zu";"Stimme zu";"Stimme eher zu";"Indifferent";"Stimme zu";"Stimme eher zu";"Stimme nicht zu";"Stimme nicht zu";"Stimme nicht zu";"Eher oft";"Nie";"Selten";"Eher selten";"Nie";"Oft";"männlich";"50-64";"Eigentumswohnung";"6000 - 6999 Fr.";0;NA;2;70;NA;NA;-3;3;0;0
5722;3;"Stimme nicht zu";"Stimme zu";"Indifferent";"Stimme zu";"Stimme eher zu";"Indifferent";"Indifferent";"Stimme nicht zu";"Stimme eher zu";"Indifferent";"Eher selten";"Selten";"Oft";"Oft";"Selten";"Oft";"weiblich";"50-64";"Mietwohnung";"8000 - 8999 Fr.";0;"Nein";2;5;"5";"4";-2;-2;2;0
5738;6;"Indifferent";"Stimme zu";"Stimme eher zu";"Stimme zu";"Stimme eher zu";"Stimme eher zu";"Stimme eher zu";"Stimme nicht zu";"Stimme eher zu";"Stimme eher zu";"Eher selten";"Eher selten";"Oft";"Eher selten";"Eher oft";"Eher oft";"männlich";"50-64";"Mietwohnung";"10000 - 11999 Fr.";0;"Ja";4;30;"4";"4";-2;-2;3;2
5750;4;"Stimme eher zu";"Indifferent";"Stimme eher zu";"Stimme eher nicht zu";"Stimme eher nicht zu";"Stimme eher zu";"Stimme eher nicht zu";"Stimme eher zu";"Stimme eher zu";"Stimme eher zu";"Selten";"Selten";"Eher oft";"Selten";"Nie";"Eher oft";"männlich";"50-64";"Mietwohnung";"6000 - 6999 Fr.";0;"Nein";2;35;"4";"2";2;0;1;0
5757;3;"Stimme eher nicht zu";"Stimme zu";"Stimme eher zu";"Stimme eher zu";"Indifferent";"Stimme zu";"Stimme eher zu";"Stimme nicht zu";"Stimme eher zu";"Stimme eher zu";"Eher selten";"Selten";"Oft";"Eher oft";"Eher oft";"Eher oft";"weiblich";"50-64";"Mietwohnung";"8000 - 8999 Fr.";0;"Ja";5;5;"5";"5";-3;-2;2;1
5778;5;"Stimme nicht zu";"Stimme zu";"Stimme zu";"Stimme zu";"Stimme eher zu";"Stimme eher nicht zu";"Stimme eher zu";"Stimme nicht zu";"Stimme zu";"Stimme zu";"Oft";"Nie";"Oft";"Eher selten";"Nie";"Oft";"weiblich";"65+";"Mietwohnung";"4000 - 4999 Fr.";0;"Nein";5;60;"5";"4";-3;0;3;2
5786;2;"Stimme zu";"Stimme zu";"Stimme zu";"Stimme zu";"Indifferent";"Stimme eher zu";"Stimme zu";"Stimme nicht zu";"Stimme zu";"Indifferent";"Oft";"Selten";"Eher selten";"Selten";"Selten";"Eher oft";"männlich";"65+";"Eigentumswohnung";"8000 - 8999 Fr.";0;NA;2;30;NA;NA;-3;3;0;0
5787;6;"Stimme eher nicht zu";"Stimme eher zu";"Stimme eher zu";"Stimme eher zu";"Indifferent";"Stimme eher zu";"Stimme eher zu";"Stimme eher nicht zu";"Stimme eher zu";"Indifferent";"Eher oft";"Eher selten";"Eher oft";"Eher selten";"Selten";"Eher oft";"männlich";"50-64";"Mietwohnung";"< 3000 Fr.";1;"Nein";4;50;"4";"4";-2;-2;2;0
5838;3;"Indifferent";"Stimme zu";"Indifferent";"Stimme eher zu";"Stimme eher zu";"Stimme eher zu";"Indifferent";"Stimme eher nicht zu";"Stimme eher zu";"Indifferent";"Eher selten";"Selten";"Selten";"Selten";"Selten";"Eher oft";"männlich";"40-49";"Mietwohnung";"7000 - 7999 Fr.";0;"Ja";5;30;"5";"5";-3;-2;2;2
5848;6;"Stimme eher nicht zu";"Stimme eher zu";"Stimme zu";"Stimme zu";"Stimme eher zu";"Stimme zu";"Stimme eher zu";"Indifferent";"Stimme zu";"Stimme eher nicht zu";"Eher oft";"Eher oft";"Oft";"Eher oft";"Eher oft";"Oft";"männlich";"65+";"Eigentumswohnung";"10000 - 11999 Fr.";0;"Ja";5;25;"5";"4";-3;-3;3;2
5852;1;"Stimme nicht zu";"Stimme zu";"Stimme zu";"Stimme zu";"Stimme zu";"Indifferent";"Stimme zu";"Stimme nicht zu";"Stimme zu";"Stimme eher zu";"Eher oft";"Selten";"Eher oft";"Eher selten";"Selten";"Eher oft";"männlich";"40-49";"Mietwohnung";"8000 - 8999 Fr.";0;NA;4;40;NA;NA;-3;0;-2;0
5860;2;"Stimme eher zu";"Stimme eher zu";"Stimme eher zu";"Stimme zu";"Indifferent";"Indifferent";"Stimme eher nicht zu";"Stimme eher nicht zu";"Stimme eher zu";"Indifferent";"Eher selten";"Selten";"Eher oft";"Eher oft";"Eher selten";"Selten";"weiblich";"30-39";"Mietwohnung";"3000 - 3999 Fr.";1;NA;4;80;NA;NA;-3;-1;2;1
5862;4;"Stimme eher nicht zu";"Stimme zu";"Stimme zu";"Stimme zu";"Indifferent";"Stimme eher zu";"Stimme eher zu";"Stimme nicht zu";"Stimme zu";"Indifferent";"Eher oft";"Eher selten";"Oft";"Selten";NA;"Eher selten";"männlich";"30-39";"Mietwohnung";"Mehr als 15000 Fr.";1;"Ja";5;20;"5";"4";-2;-3;2;1
5877;5;"Stimme nicht zu";"Stimme eher zu";"Stimme zu";"Stimme eher zu";"Indifferent";"Stimme zu";"Stimme zu";"Stimme nicht zu";"Indifferent";"Stimme eher zu";"Oft";"Selten";"Oft";"Selten";"Selten";"Eher oft";"weiblich";"65+";"Eigentumswohnung";"6000 - 6999 Fr.";0;"Nein";5;25;"5";"5";-3;-2;3;2
5879;1;"Indifferent";"Stimme eher zu";"Stimme eher zu";"Stimme eher zu";"Stimme eher zu";"Stimme eher zu";"Indifferent";"Indifferent";"Stimme eher zu";"Indifferent";"Eher selten";"Selten";"Oft";"Selten";"Selten";"Eher oft";"weiblich";"20-29";"Mietwohnung";"4000 - 4999 Fr.";1;NA;5;50;NA;NA;-3;-1;2;1
5880;2;"Stimme eher zu";"Stimme zu";"Stimme eher zu";"Stimme eher zu";"Stimme nicht zu";"Stimme eher zu";"Stimme zu";"Stimme eher nicht zu";"Stimme zu";"Stimme zu";"Eher oft";"Selten";"Eher oft";"Eher oft";"Selten";"Selten";"männlich";"30-39";"Mietwohnung";"4000 - 4999 Fr.";0;NA;5;50;NA;NA;-2;2;2;1
5881;6;"Stimme eher zu";"Stimme eher zu";"Stimme eher zu";"Stimme eher nicht zu";"Stimme eher nicht zu";"Stimme eher zu";"Indifferent";"Indifferent";"Indifferent";"Stimme nicht zu";"Eher oft";"Oft";"Oft";"Eher oft";"Eher oft";"Oft";"männlich";"30-39";"Mietwohnung";"10000 - 11999 Fr.";1;"Ja";4;30;"5";"2";-2;-1;1;0
5883;6;"Stimme eher nicht zu";"Stimme zu";"Stimme zu";"Stimme zu";"Stimme zu";NA;NA;NA;"Stimme zu";"Stimme zu";"Eher selten";"Eher selten";"Eher selten";"Eher selten";"Selten";"Eher oft";NA;"65+";"Mietwohnung";"9000 - 9999 Fr.";0;"Ja";5;80;"5";"4";-2;-2;0;1
5884;2;"Stimme eher zu";"Stimme eher zu";"Stimme eher zu";"Stimme zu";"Indifferent";"Stimme eher zu";"Indifferent";"Stimme eher zu";"Indifferent";"Stimme eher nicht zu";"Eher oft";"Eher selten";"Eher oft";"Eher selten";"Eher selten";"Eher oft";"männlich";"40-49";"Mietwohnung";"5000 - 5999 Fr.";0;NA;5;85;NA;NA;-2;-1;-1;1
5896;4;"Stimme eher zu";"Stimme eher zu";"Stimme eher zu";"Stimme zu";"Stimme eher zu";"Stimme eher zu";"Stimme eher zu";"Stimme zu";"Stimme zu";"Stimme zu";NA;"Eher oft";"Oft";NA;"Eher selten";"Eher oft";"männlich";"65+";"Mietwohnung";"8000 - 8999 Fr.";0;"Ja";4;50;"5";"5";-2;-2;2;0
5905;4;"Stimme eher zu";"Stimme zu";"Stimme zu";"Stimme zu";"Stimme eher zu";"Stimme eher zu";"Stimme eher zu";"Stimme nicht zu";"Stimme zu";"Stimme zu";"Eher selten";"Nie";"Eher oft";"Nie";"Nie";"Eher oft";"männlich";"30-39";"Mietwohnung";"Keine Angabe";1;"Ja";5;20;"5";"3";0;-1;1;1
5928;1;"Indifferent";"Stimme eher nicht zu";"Stimme zu";"Stimme zu";"Stimme eher zu";"Stimme eher zu";"Stimme eher zu";"Stimme nicht zu";"Stimme eher zu";"Stimme eher zu";"Eher oft";"Nie";"Eher selten";"Selten";"Selten";"Eher selten";"männlich";"50-64";"Mietwohnung";"6000 - 6999 Fr.";0;NA;5;40;NA;NA;-2;-2;2;1
5936;1;"Stimme eher zu";"Stimme zu";"Indifferent";"Stimme zu";"Stimme eher zu";"Stimme zu";"Stimme eher zu";"Stimme nicht zu";"Stimme zu";"Stimme eher zu";"Eher oft";"Eher oft";"Oft";"Eher oft";"Eher selten";"Eher oft";"männlich";"30-39";"Mietwohnung";"6000 - 6999 Fr.";0;NA;5;50;NA;NA;-3;-2;3;1
5939;5;"Stimme eher nicht zu";"Stimme eher nicht zu";"Stimme zu";"Stimme zu";"Stimme eher zu";"Indifferent";"Indifferent";"Stimme eher nicht zu";"Stimme nicht zu";"Stimme eher zu";"Eher oft";"Selten";"Eher oft";"Eher selten";NA;"Eher selten";"weiblich";"50-64";"Mietwohnung";"5000 - 5999 Fr.";0;"Ja";5;50;"5";"3";-3;-3;3;3
5946;6;"Stimme eher nicht zu";"Stimme eher zu";"Stimme nicht zu";"Stimme eher zu";"Stimme eher zu";"Stimme eher zu";"Stimme eher nicht zu";"Stimme nicht zu";"Stimme zu";"Stimme zu";"Eher oft";"Selten";"Oft";"Eher oft";"Eher oft";"Oft";"weiblich";"30-39";"Mietwohnung";"6000 - 6999 Fr.";1;"Nein";5;30;"5";"5";-3;-2;1;-1
5948;5;"Stimme eher zu";"Stimme eher nicht zu";"Stimme zu";"Stimme eher zu";"Indifferent";"Stimme eher zu";"Stimme eher zu";"Stimme eher nicht zu";"Stimme eher zu";"Stimme eher zu";"Eher oft";"Eher oft";"Oft";"Selten";"Eher oft";"Eher oft";"männlich";"30-39";"Mietwohnung";"10000 - 11999 Fr.";0;"Ja";5;60;"5";"5";-3;-1;1;0
5950;6;"Stimme nicht zu";"Stimme zu";"Stimme zu";"Stimme zu";"Stimme eher zu";"Stimme zu";"Stimme eher zu";"Stimme nicht zu";"Stimme zu";"Stimme eher zu";"Eher oft";"Selten";"Oft";"Selten";"Selten";"Eher oft";"weiblich";"40-49";"Mietwohnung";"9000 - 9999 Fr.";1;"Nein";5;30;"5";"2";-2;-2;3;0
5951;3;"Stimme eher nicht zu";"Stimme zu";"Stimme zu";"Stimme zu";"Stimme zu";"Stimme eher zu";"Stimme zu";"Stimme nicht zu";"Stimme zu";"Stimme zu";"Eher selten";"Eher oft";"Oft";"Oft";"Oft";"Oft";"männlich";"65+";"Mietwohnung";"< 3000 Fr.";0;"Ja";5;80;"-1";"5";-3;-3;3;3
5958;1;"Stimme zu";"Stimme zu";"Stimme nicht zu";"Stimme zu";"Stimme eher zu";"Stimme zu";"Stimme eher zu";"Stimme eher nicht zu";"Stimme eher zu";"Stimme eher zu";"Eher oft";"Selten";"Eher oft";"Eher selten";"Eher selten";"Eher oft";"männlich";"50-64";"Mietwohnung";"5000 - 5999 Fr.";0;NA;5;75;NA;NA;-2;-2;1;2
5971;5;"Indifferent";"Indifferent";"Stimme eher nicht zu";"Stimme zu";"Stimme zu";"Indifferent";"Stimme zu";"Stimme zu";"Stimme zu";"Indifferent";"Eher selten";"Eher selten";"Eher selten";"Selten";"Eher selten";"Eher oft";"männlich";"50-64";"Mietwohnung";"< 3000 Fr.";0;"Ja";3;90;"5";"-1";-1;-2;1;1
5985;4;"Indifferent";"Stimme zu";"Stimme zu";"Stimme zu";"Stimme eher zu";"Stimme zu";"Stimme zu";"Stimme nicht zu";"Stimme eher zu";"Stimme eher zu";"Eher oft";"Selten";"Eher selten";"Selten";"Selten";"Eher selten";"weiblich";"30-39";"Mietwohnung";"7000 - 7999 Fr.";1;"Ja";5;45;"5";"3";-3;-1;3;1
5990;2;"Stimme eher nicht zu";"Stimme zu";"Stimme zu";"Stimme zu";"Indifferent";"Stimme zu";"Stimme zu";"Stimme nicht zu";"Stimme nicht zu";"Stimme eher zu";"Eher oft";"Nie";"Selten";"Nie";"Nie";"Selten";"weiblich";"40-49";NA;"8000 - 8999 Fr.";1;NA;5;70;NA;NA;-3;2;2;0
6005;6;"Stimme eher nicht zu";"Stimme eher nicht zu";"Stimme eher nicht zu";"Stimme eher nicht zu";"Stimme eher nicht zu";"Stimme eher zu";"Indifferent";"Stimme eher zu";"Stimme eher zu";"Stimme eher nicht zu";"Eher oft";"Selten";"Oft";"Eher selten";"Eher selten";"Eher oft";"männlich";"50-64";"Mietwohnung";"Mehr als 15000 Fr.";0;"Nein";4;20;"5";"5";-2;0;2;1
6007;4;"Stimme zu";"Stimme eher zu";"Stimme zu";"Stimme zu";"Stimme eher nicht zu";"Indifferent";"Stimme eher zu";"Stimme nicht zu";"Stimme eher zu";"Indifferent";"Eher oft";"Eher selten";"Oft";"Eher selten";"Eher oft";"Oft";"männlich";"30-39";"Mietwohnung";"12000 - 14999 Fr.";1;"Ja";4;20;"5";"1";-1;-3;-2;3
6010;6;"Stimme eher zu";"Stimme zu";"Stimme zu";"Stimme eher zu";"Stimme eher zu";"Stimme zu";"Stimme eher zu";"Stimme nicht zu";"Stimme zu";"Stimme eher zu";"Eher oft";"Selten";"Eher oft";"Selten";"Selten";"Eher selten";"männlich";"50-64";"Eigentumswohnung";"12000 - 14999 Fr.";0;"Ja";4;90;"5";"5";-2;-1;1;-1
6013;6;"Stimme eher nicht zu";"Indifferent";"Stimme eher zu";"Stimme eher zu";"Stimme eher zu";"Indifferent";"Indifferent";"Stimme nicht zu";"Stimme zu";"Stimme eher zu";"Eher oft";"Selten";"Oft";"Eher oft";"Selten";"Eher oft";"männlich";"40-49";"Mietwohnung";"9000 - 9999 Fr.";0;"Nein";4;15;"5";"4";1;1;2;1
6074;3;"Stimme eher nicht zu";"Stimme zu";"Stimme eher zu";"Stimme zu";"Stimme zu";"Stimme eher zu";"Stimme zu";"Stimme nicht zu";"Stimme zu";"Stimme eher zu";"Oft";"Selten";"Oft";"Eher oft";"Eher selten";"Eher oft";"männlich";"50-64";"Mietwohnung";"6000 - 6999 Fr.";0;"Ja";5;50;"5";"5";-2;0;1;0
6081;3;"Indifferent";"Stimme zu";"Stimme zu";"Stimme zu";"Stimme eher zu";"Stimme zu";"Stimme nicht zu";"Stimme eher nicht zu";"Indifferent";"Stimme eher zu";"Selten";"Eher oft";"Eher selten";"Selten";"Selten";"Selten";"männlich";"65+";"Mietwohnung";"3000 - 3999 Fr.";0;"Nein";5;75;"4";"2";1;2;-2;0
6091;5;"Indifferent";"Indifferent";"Indifferent";"Indifferent";"Stimme zu";"Stimme eher zu";"Indifferent";"Stimme nicht zu";"Stimme eher nicht zu";"Indifferent";"Eher selten";"Eher selten";"Eher oft";"Eher oft";"Eher selten";"Eher oft";"männlich";"20-29";"Mietwohnung";"5000 - 5999 Fr.";1;"Ja";5;50;"5";"5";-3;0;0;-2
6093;4;"Stimme nicht zu";"Stimme nicht zu";"Stimme nicht zu";"Stimme eher nicht zu";"Stimme eher zu";"Stimme eher nicht zu";"Stimme eher nicht zu";"Stimme nicht zu";"Stimme nicht zu";"Stimme eher nicht zu";"Eher oft";"Selten";"Oft";"Selten";"Nie";"Eher oft";"männlich";"65+";"Eigentumswohnung";"Keine Angabe";0;"Nein";5;50;"5";"5";-3;0;0;0
6096;3;"Indifferent";"Indifferent";"Stimme eher zu";"Indifferent";"Indifferent";"Indifferent";"Stimme zu";"Stimme eher nicht zu";"Stimme zu";"Stimme eher zu";"Eher selten";"Eher selten";"Eher oft";"Eher selten";"Selten";"Eher selten";"männlich";"40-49";"Mietwohnung";"6000 - 6999 Fr.";0;"Ja";4;50;"5";"5";-2;-3;3;2
6111;4;"Indifferent";"Stimme eher zu";"Stimme eher zu";"Stimme eher zu";"Indifferent";"Indifferent";"Indifferent";"Stimme eher nicht zu";"Stimme eher zu";"Stimme eher zu";"Eher selten";"Eher selten";"Eher oft";"Eher oft";"Eher selten";"Eher selten";"männlich";"30-39";"Mietwohnung";"12000 - 14999 Fr.";0;"Ja";4;25;"4";"4";-2;1;-1;1
6117;5;"Stimme eher zu";"Indifferent";"Indifferent";"Stimme eher nicht zu";"Indifferent";"Stimme eher zu";"Stimme eher nicht zu";"Stimme eher nicht zu";"Stimme nicht zu";"Stimme nicht zu";"Eher selten";"Selten";"Oft";"Eher oft";"Eher selten";"Eher oft";"männlich";"30-39";"Mietwohnung";"7000 - 7999 Fr.";0;"Ja";5;70;"5";"2";-2;-2;3;3
6122;4;"Indifferent";"Stimme zu";"Stimme zu";"Stimme zu";"Stimme eher zu";"Stimme eher zu";"Stimme eher zu";"Stimme nicht zu";"Stimme eher zu";"Stimme eher zu";"Eher selten";"Selten";"Eher oft";"Eher oft";"Eher oft";"Eher oft";"männlich";"30-39";"Mietwohnung";"9000 - 9999 Fr.";0;"Ja";4;50;"5";"3";-3;-3;3;2
6130;6;"Stimme eher nicht zu";"Stimme zu";"Stimme zu";"Stimme zu";"Indifferent";"Stimme eher zu";"Stimme eher zu";"Stimme nicht zu";"Stimme zu";"Stimme eher zu";"Eher oft";"Selten";"Oft";"Eher oft";"Selten";"Eher oft";"weiblich";"20-29";"Mietwohnung";"3000 - 3999 Fr.";0;"Nein";5;60;"5";"2";-3;-2;2;2
6132;5;"Stimme nicht zu";"Stimme zu";"Stimme zu";"Stimme zu";"Stimme zu";"Stimme zu";"Stimme zu";"Stimme nicht zu";"Stimme zu";"Stimme zu";"Oft";"Eher selten";"Eher oft";"Eher selten";"Eher oft";"Oft";"männlich";"30-39";"Mietwohnung";"4000 - 4999 Fr.";0;"Ja";4;50;"5";"5";0;-1;2;1
6136;2;"Stimme nicht zu";"Stimme zu";"Stimme zu";"Stimme zu";"Stimme eher zu";"Stimme eher zu";"Stimme zu";"Stimme nicht zu";"Stimme eher zu";"Stimme eher zu";"Selten";"Selten";"Eher oft";"Eher selten";"Selten";"Selten";"weiblich";"65+";"Mietwohnung";"10000 - 11999 Fr.";0;NA;5;50;NA;NA;-3;-1;3;2
6170;2;"Stimme eher zu";"Stimme eher zu";"Stimme eher zu";"Stimme eher zu";"Indifferent";"Indifferent";"Indifferent";"Indifferent";"Stimme zu";"Indifferent";"Oft";"Eher selten";"Eher selten";"Eher selten";"Eher selten";"Oft";"männlich";"65+";"Eigentumswohnung";"8000 - 8999 Fr.";0;NA;5;50;NA;NA;-3;3;-3;0
6191;4;"Indifferent";"Stimme zu";"Stimme eher zu";"Stimme nicht zu";"Stimme zu";"Indifferent";"Stimme eher nicht zu";"Stimme eher nicht zu";"Stimme zu";"Stimme eher zu";"Eher selten";"Selten";"Eher oft";"Selten";"Selten";"Eher oft";"weiblich";"40-49";"Mietwohnung";"Keine Angabe";1;"Nein";5;30;"5";"5";-3;3;-2;0
6194;3;"Stimme nicht zu";"Stimme eher zu";"Stimme zu";"Stimme eher zu";"Indifferent";"Indifferent";"Stimme eher zu";"Stimme eher nicht zu";"Stimme zu";"Stimme eher zu";"Eher selten";"Selten";"Eher oft";"Eher selten";"Selten";"Eher oft";"weiblich";"40-49";"Mietwohnung";"5000 - 5999 Fr.";1;"Nein";5;50;"5";"2";2;2;0;-1
6205;3;"Stimme eher nicht zu";"Stimme eher zu";"Stimme eher nicht zu";"Stimme zu";"Stimme eher zu";"Stimme eher zu";"Stimme zu";"Stimme nicht zu";"Stimme zu";"Indifferent";"Selten";"Eher oft";"Oft";"Eher selten";"Eher selten";"Oft";"weiblich";"40-49";"Mietwohnung";"4000 - 4999 Fr.";1;"Nein";5;60;"4";"4";1;-1;1;2
6214;6;"Indifferent";"Stimme eher zu";"Stimme eher zu";"Stimme zu";"Stimme eher zu";"Stimme eher zu";"Stimme eher zu";"Stimme nicht zu";"Indifferent";"Stimme eher nicht zu";"Eher oft";"Selten";"Eher selten";"Eher oft";"Selten";"Eher oft";"weiblich";"50-64";"Mietwohnung";"12000 - 14999 Fr.";1;"Nein";5;50;"4";"2";-2;-2;2;1
6217;6;"Stimme eher nicht zu";"Stimme zu";"Stimme eher zu";"Stimme zu";"Stimme eher zu";"Stimme zu";"Stimme zu";"Stimme eher nicht zu";"Stimme eher zu";"Indifferent";"Eher selten";NA;"Oft";"Selten";"Selten";"Eher oft";"männlich";"40-49";"Mietwohnung";"12000 - 14999 Fr.";0;"Ja";5;40;"5";"4";-2;-2;2;2
6223;1;"Stimme zu";"Indifferent";"Indifferent";"Indifferent";"Stimme eher nicht zu";"Stimme eher zu";"Stimme eher nicht zu";"Stimme eher nicht zu";"Stimme eher zu";"Stimme eher nicht zu";"Eher oft";"Eher selten";"Eher oft";"Eher oft";"Selten";"Oft";"männlich";"40-49";"Mietwohnung";"Mehr als 15000 Fr.";0;NA;5;10;NA;NA;-3;-3;3;1
6226;2;"Stimme nicht zu";"Stimme zu";"Stimme zu";"Stimme zu";"Indifferent";"Stimme eher zu";"Stimme zu";"Stimme nicht zu";"Stimme eher zu";"Indifferent";"Eher selten";"Selten";"Selten";"Selten";"Eher selten";"Oft";"weiblich";"50-64";"Mietwohnung";"6000 - 6999 Fr.";1;NA;5;25;NA;NA;-3;0;0;3
6234;5;"Stimme zu";"Stimme eher nicht zu";"Stimme zu";"Stimme nicht zu";"Stimme eher nicht zu";"Stimme eher nicht zu";"Stimme eher nicht zu";"Stimme zu";"Stimme nicht zu";"Stimme nicht zu";"Eher oft";"Nie";"Oft";"Eher selten";"Eher selten";"Oft";"männlich";"50-64";"Mietwohnung";"8000 - 8999 Fr.";0;"Nein";4;60;"4";"4";-3;-2;0;0
6238;5;"Indifferent";"Stimme eher zu";"Stimme zu";"Stimme eher zu";"Indifferent";"Indifferent";"Stimme eher zu";"Stimme zu";"Stimme eher nicht zu";"Stimme eher nicht zu";"Oft";"Eher selten";"Eher oft";"Selten";"Eher oft";"Oft";"männlich";"40-49";"Mietwohnung";"8000 - 8999 Fr.";1;"Ja";5;50;"5";"5";-3;0;2;1
6246;3;"Stimme eher nicht zu";"Stimme zu";"Stimme eher zu";"Stimme zu";"Stimme eher zu";"Stimme zu";"Stimme zu";"Stimme nicht zu";"Stimme eher zu";"Stimme zu";"Selten";"Nie";"Eher oft";"Selten";"Selten";"Eher oft";"weiblich";"65+";"Mietwohnung";"3000 - 3999 Fr.";0;"Nein";5;90;"5";"3";-3;-1;0;1
6287;4;"Stimme eher zu";"Stimme eher zu";"Stimme eher zu";"Stimme zu";"Stimme eher zu";"Indifferent";"Stimme eher zu";"Stimme nicht zu";"Stimme zu";"Stimme eher zu";"Eher selten";"Selten";"Eher oft";"Selten";"Eher selten";"Eher selten";"männlich";"50-64";"Mietwohnung";"8000 - 8999 Fr.";0;"Ja";5;30;"5";"5";-3;-3;3;3
6310;4;"Stimme nicht zu";"Stimme zu";"Stimme zu";"Stimme zu";"Stimme zu";"Stimme zu";"Indifferent";"Stimme zu";"Stimme zu";"Stimme nicht zu";"Eher selten";"Nie";"Eher selten";"Nie";"Nie";"Eher selten";"männlich";"65+";"Mietwohnung";"7000 - 7999 Fr.";0;"Nein";5;50;"5";"5";-3;-3;3;0
6313;4;"Stimme eher nicht zu";"Stimme zu";"Stimme eher zu";"Stimme zu";"Stimme eher zu";"Stimme eher zu";"Stimme eher zu";"Stimme nicht zu";"Indifferent";"Indifferent";"Eher oft";"Eher selten";"Oft";"Eher oft";"Selten";"Eher selten";"männlich";"30-39";"Mietwohnung";"3000 - 3999 Fr.";1;"Nein";5;70;"5";"3";-3;-2;3;2
6319;3;"Stimme eher nicht zu";"Stimme zu";"Stimme eher zu";"Stimme zu";"Stimme eher zu";"Stimme zu";"Stimme eher zu";"Stimme nicht zu";"Stimme eher zu";"Stimme eher zu";"Oft";"Eher selten";"Oft";"Eher selten";"Eher oft";"Oft";"weiblich";"50-64";"Mietwohnung";"4000 - 4999 Fr.";1;"Nein";2;40;"3";"3";2;0;0;-2
6324;3;"Stimme eher zu";"Stimme zu";"Stimme eher zu";"Stimme eher zu";"Indifferent";"Indifferent";"Stimme eher zu";"Stimme eher nicht zu";"Stimme zu";"Indifferent";"Selten";"Selten";"Eher oft";"Selten";"Nie";"Eher oft";"männlich";"30-39";"Mietwohnung";"10000 - 11999 Fr.";0;"Ja";5;20;"5";"5";-2;-3;3;1
6328;1;"Indifferent";"Stimme eher zu";"Stimme zu";"Indifferent";"Stimme eher nicht zu";"Stimme eher nicht zu";"Indifferent";"Stimme nicht zu";"Stimme eher zu";"Stimme eher zu";"Eher oft";"Selten";"Oft";"Eher oft";"Selten";"Eher oft";"weiblich";"30-39";"Mietwohnung";"< 3000 Fr.";0;NA;5;98;NA;NA;-3;-1;2;2
6329;5;"Stimme eher zu";"Stimme eher zu";"Stimme nicht zu";"Indifferent";"Indifferent";"Stimme eher zu";"Stimme eher zu";"Stimme nicht zu";"Indifferent";"Indifferent";"Eher selten";"Selten";"Oft";"Eher selten";"Selten";"Eher oft";"weiblich";"65+";"Mietwohnung";"3000 - 3999 Fr.";0;"Nein";5;60;"-1";"-1";-2;0;2;1
6334;1;"Stimme nicht zu";"Stimme zu";"Stimme zu";"Stimme zu";"Stimme eher zu";"Indifferent";"Stimme eher zu";"Stimme nicht zu";"Indifferent";"Indifferent";"Eher oft";"Eher selten";"Oft";"Oft";"Selten";"Eher oft";NA;"50-64";"Mietwohnung";"7000 - 7999 Fr.";0;NA;2;40;NA;NA;-2;2;1;0
6349;1;"Indifferent";"Stimme zu";"Stimme zu";"Stimme zu";"Stimme eher zu";"Stimme eher zu";"Indifferent";"Stimme nicht zu";"Indifferent";"Stimme eher zu";"Eher oft";"Eher oft";"Oft";"Oft";"Oft";"Eher oft";"männlich";"30-39";"Mietwohnung";"8000 - 8999 Fr.";0;NA;4;20;NA;NA;-2;3;-3;2
6369;4;"Indifferent";"Stimme eher zu";"Stimme zu";"Indifferent";"Stimme eher nicht zu";"Stimme eher zu";"Indifferent";"Stimme nicht zu";"Stimme zu";"Stimme eher zu";"Eher selten";"Eher selten";"Eher oft";"Eher selten";"Eher selten";"Eher oft";"männlich";"30-39";"Mietwohnung";"12000 - 14999 Fr.";1;"Nein";5;35;"5";"5";-3;-1;1;2
6386;4;"Stimme eher nicht zu";"Stimme zu";"Stimme zu";"Stimme zu";"Stimme eher zu";"Stimme eher zu";"Stimme zu";"Stimme nicht zu";NA;"Stimme eher zu";"Oft";"Eher selten";"Oft";"Eher oft";"Eher oft";"Oft";"männlich";"65+";"Mietwohnung";"10000 - 11999 Fr.";0;"Nein";4;30;"4";"5";-3;-1;2;1
6395;5;"Stimme nicht zu";"Stimme eher zu";"Indifferent";"Stimme zu";"Stimme zu";"Stimme eher zu";"Stimme eher zu";"Stimme eher nicht zu";"Stimme eher zu";"Stimme eher nicht zu";"Oft";"Eher selten";"Oft";"Eher oft";"Selten";"Oft";"weiblich";"65+";"Eigentumswohnung";"5000 - 5999 Fr.";0;"Ja";5;10;"5";"4";-2;-2;2;2
